Amplicon	Letter	Number	MT	WT	Ratio
EL_CUX1	A	1	0	0	0.0
EL_SRSF2	A	1	1	1	0.49751243781094534
EL_TET2a	A	1	4	3	0.5706134094151213
EL_TET2b	A	1	0	1	0.0
EL_TGFB3_c	A	1	0	0	0.0
EL_TGFB3_g	A	1	0	9	0.0
EL_CUX1	A	10	0	0	0.0
EL_SRSF2	A	10	0	0	0.0
EL_TET2a	A	10	2	2	0.49875311720698257
EL_TET2b	A	10	0	1	0.0
EL_TGFB3_c	A	10	0	0	0.0
EL_TGFB3_g	A	10	0	0	0.0
EL_CUX1	A	11	0	0	0.0
EL_SRSF2	A	11	3	0	0.9966777408637875
EL_TET2a	A	11	10	16	0.3844675124951941
EL_TET2b	A	11	21	2	0.9126466753585397
EL_TGFB3_c	A	11	0	0	0.0
EL_TGFB3_g	A	11	0	0	0.0
EL_CUX1	A	12	0	0	0.0
EL_SRSF2	A	12	2	11	0.15372790161414296
EL_TET2a	A	12	0	2	0.0
EL_TET2b	A	12	2	0	0.9950248756218907
EL_TGFB3_c	A	12	0	0	0.0
EL_TGFB3_g	A	12	0	0	0.0
EL_CUX1	A	13	0	0	0.0
EL_SRSF2	A	13	0	1	0.0
EL_TET2a	A	13	2	3	0.3992015968063872
EL_TET2b	A	13	1	2	0.33222591362126247
EL_TGFB3_c	A	13	0	0	0.0
EL_TGFB3_g	A	13	0	0	0.0
EL_CUX1	A	14	0	0	0.0
EL_SRSF2	A	14	1	0	0.9900990099009901
EL_TET2a	A	14	0	0	0.0
EL_TET2b	A	14	0	5	0.0
EL_TGFB3_c	A	14	0	0	0.0
EL_TGFB3_g	A	14	0	0	0.0
EL_CUX1	A	15	0	0	0.0
EL_SRSF2	A	15	0	0	0.0
EL_TET2a	A	15	0	0	0.0
EL_TET2b	A	15	0	5	0.0
EL_TGFB3_c	A	15	0	0	0.0
EL_TGFB3_g	A	15	0	0	0.0
EL_CUX1	A	16	0	0	0.0
EL_SRSF2	A	16	0	22	0.0
EL_TET2a	A	16	21	19	0.5248687828042989
EL_TET2b	A	16	1	91	0.010868383871318334
EL_TGFB3_c	A	16	0	0	0.0
EL_TGFB3_g	A	16	0	0	0.0
EL_CUX1	A	17	0	0	0.0
EL_SRSF2	A	17	0	248	0.0
EL_TET2a	A	17	0	0	0.0
EL_TET2b	A	17	1	1	0.49751243781094534
EL_TGFB3_c	A	17	0	0	0.0
EL_TGFB3_g	A	17	0	0	0.0
EL_CUX1	A	18	0	0	0.0
EL_SRSF2	A	18	0	39	0.0
EL_TET2a	A	18	1	0	0.9900990099009901
EL_TET2b	A	18	0	0	0.0
EL_TGFB3_c	A	18	0	0	0.0
EL_TGFB3_g	A	18	0	0	0.0
EL_CUX1	A	19	0	0	0.0
EL_SRSF2	A	19	20	17	0.5403944879762227
EL_TET2a	A	19	1	94	0.010525207872855488
EL_TET2b	A	19	91	43	0.679053801955078
EL_TGFB3_c	A	19	0	0	0.0
EL_TGFB3_g	A	19	0	0	0.0
EL_CUX1	A	2	0	0	0.0
EL_SRSF2	A	2	2	18	0.09995002498750624
EL_TET2a	A	2	11	5	0.6870705808869456
EL_TET2b	A	2	40	50	0.4443950672147539
EL_TGFB3_c	A	2	0	0	0.0
EL_TGFB3_g	A	2	0	0	0.0
EL_CUX1	A	20	0	0	0.0
EL_SRSF2	A	20	1	0	0.9900990099009901
EL_TET2a	A	20	0	1	0.0
EL_TET2b	A	20	0	0	0.0
EL_TGFB3_c	A	20	0	0	0.0
EL_TGFB3_g	A	20	0	0	0.0
EL_CUX1	A	21	0	0	0.0
EL_SRSF2	A	21	0	3	0.0
EL_TET2a	A	21	56	11	0.8356961647515295
EL_TET2b	A	21	1	0	0.9900990099009901
EL_TGFB3_c	A	21	0	0	0.0
EL_TGFB3_g	A	21	0	6	0.0
EL_CUX1	A	22	0	0	0.0
EL_SRSF2	A	22	160	19	0.8938048153734429
EL_TET2a	A	22	26	36	0.41928721174004197
EL_TET2b	A	22	1	168	0.00591680965623336
EL_TGFB3_c	A	22	0	0	0.0
EL_TGFB3_g	A	22	0	0	0.0
EL_CUX1	A	23	0	0	0.0
EL_SRSF2	A	23	1	6	0.14265335235378032
EL_TET2a	A	23	0	0	0.0
EL_TET2b	A	23	0	0	0.0
EL_TGFB3_c	A	23	0	0	0.0
EL_TGFB3_g	A	23	0	0	0.0
EL_CUX1	A	24	0	0	0.0
EL_SRSF2	A	24	0	283	0.0
EL_TET2a	A	24	1	37	0.026308866087871613
EL_TET2b	A	24	0	0	0.0
EL_TGFB3_c	A	24	0	0	0.0
EL_TGFB3_g	A	24	0	2	0.0
EL_CUX1	A	3	0	0	0.0
EL_SRSF2	A	3	7	18	0.2798880447820872
EL_TET2a	A	3	2	25	0.07404664938911514
EL_TET2b	A	3	24	77	0.2376002376002376
EL_TGFB3_c	A	3	0	0	0.0
EL_TGFB3_g	A	3	0	0	0.0
EL_CUX1	A	4	0	0	0.0
EL_SRSF2	A	4	12	7	0.6312467122567069
EL_TET2a	A	4	44	13	0.7717944220312226
EL_TET2b	A	4	1	15	0.062460961898813235
EL_TGFB3_c	A	4	0	0	0.0
EL_TGFB3_g	A	4	0	1	0.0
EL_CUX1	A	5	0	0	0.0
EL_SRSF2	A	5	0	0	0.0
EL_TET2a	A	5	0	9	0.0
EL_TET2b	A	5	20	3	0.8691873098652759
EL_TGFB3_c	A	5	0	0	0.0
EL_TGFB3_g	A	5	0	23	0.0
EL_CUX1	A	6	0	0	0.0
EL_SRSF2	A	6	0	12	0.0
EL_TET2a	A	6	2	3	0.3992015968063872
EL_TET2b	A	6	0	1	0.0
EL_TGFB3_c	A	6	0	0	0.0
EL_TGFB3_g	A	6	0	0	0.0
EL_CUX1	A	7	0	0	0.0
EL_SRSF2	A	7	0	1	0.0
EL_TET2a	A	7	0	24	0.0
EL_TET2b	A	7	0	0	0.0
EL_TGFB3_c	A	7	0	0	0.0
EL_TGFB3_g	A	7	0	0	0.0
EL_CUX1	A	8	0	0	0.0
EL_SRSF2	A	8	3	19	0.13630168105406631
EL_TET2a	A	8	0	1	0.0
EL_TET2b	A	8	1	0	0.9900990099009901
EL_TGFB3_c	A	8	0	0	0.0
EL_TGFB3_g	A	8	0	0	0.0
EL_CUX1	A	9	0	0	0.0
EL_SRSF2	A	9	35	153	0.18616031062177546
EL_TET2a	A	9	0	1	0.0
EL_TET2b	A	9	2	0	0.9950248756218907
EL_TGFB3_c	A	9	0	0	0.0
EL_TGFB3_g	A	9	0	2	0.0
EL_CUX1	B	1	0	0	0.0
EL_SRSF2	B	1	7	14	0.3331746787244169
EL_TET2a	B	1	21	34	0.3817487729503727
EL_TET2b	B	1	34	89	0.2764002926591334
EL_TGFB3_c	B	1	0	0	0.0
EL_TGFB3_g	B	1	3	11	0.21413276231263384
EL_CUX1	B	10	0	0	0.0
EL_SRSF2	B	10	0	2	0.0
EL_TET2a	B	10	3	10	0.23059185242121447
EL_TET2b	B	10	1	11	0.08326394671107411
EL_TGFB3_c	B	10	0	0	0.0
EL_TGFB3_g	B	10	0	0	0.0
EL_CUX1	B	11	0	0	0.0
EL_SRSF2	B	11	29	91	0.24164652945587867
EL_TET2a	B	11	13	50	0.2063164577051262
EL_TET2b	B	11	108	70	0.6067074883433515
EL_TGFB3_c	B	11	0	0	0.0
EL_TGFB3_g	B	11	0	28	0.0
EL_CUX1	B	12	0	0	0.0
EL_SRSF2	B	12	9	257	0.03383331453704748
EL_TET2a	B	12	38	67	0.3618702980668508
EL_TET2b	B	12	61	178	0.2552194468850676
EL_TGFB3_c	B	12	0	0	0.0
EL_TGFB3_g	B	12	8	9	0.47031158142269247
EL_CUX1	B	13	0	0	0.0
EL_SRSF2	B	13	14	25	0.3588823378620867
EL_TET2a	B	13	39	78	0.33330484573968033
EL_TET2b	B	13	75	178	0.2964309711078614
EL_TGFB3_c	B	13	0	0	0.0
EL_TGFB3_g	B	13	6	8	0.4282655246252677
EL_CUX1	B	14	0	0	0.0
EL_SRSF2	B	14	0	0	0.0
EL_TET2a	B	14	24	24	0.49989585503020206
EL_TET2b	B	14	8	1323	0.0060104732496374935
EL_TGFB3_c	B	14	0	0	0.0
EL_TGFB3_g	B	14	1	0	0.9900990099009901
EL_CUX1	B	15	1	0	0.9900990099009901
EL_SRSF2	B	15	1	0	0.9900990099009901
EL_TET2a	B	15	188	17	0.9170284376371884
EL_TET2b	B	15	9	1640	0.005457820146633435
EL_TGFB3_c	B	15	0	0	0.0
EL_TGFB3_g	B	15	117	1	0.9914414032709092
EL_CUX1	B	16	0	0	0.0
EL_SRSF2	B	16	12	3029	0.003946057395404816
EL_TET2a	B	16	7840	5460	0.5894732409975632
EL_TET2b	B	16	219	18205	0.011886663109713902
EL_TGFB3_c	B	16	0	0	0.0
EL_TGFB3_g	B	16	4	5	0.4439511653718091
EL_CUX1	B	17	0	0	0.0
EL_SRSF2	B	17	9	139	0.06080670224984799
EL_TET2a	B	17	25	70	0.2631301968213872
EL_TET2b	B	17	65	133	0.3282662491793344
EL_TGFB3_c	B	17	0	0	0.0
EL_TGFB3_g	B	17	5	6	0.45413260672116257
EL_CUX1	B	18	0	0	0.0
EL_SRSF2	B	18	5	29	0.1470155836518671
EL_TET2a	B	18	21	74	0.22102936532996525
EL_TET2b	B	18	77	136	0.3614853762734144
EL_TGFB3_c	B	18	0	0	0.0
EL_TGFB3_g	B	18	7	6	0.5380476556495004
EL_CUX1	B	19	0	0	0.0
EL_SRSF2	B	19	1407	1760	0.44426762151050986
EL_TET2a	B	19	585	35458	0.01623060893083014
EL_TET2b	B	19	31051	12828	0.7076504232889483
EL_TGFB3_c	B	19	0	0	0.0
EL_TGFB3_g	B	19	8	4	0.6661115736885929
EL_CUX1	B	2	0	0	0.0
EL_SRSF2	B	2	11	64	0.1466471137181709
EL_TET2a	B	2	58	78	0.4264392324093817
EL_TET2b	B	2	85	376	0.18437777922387802
EL_TGFB3_c	B	2	0	0	0.0
EL_TGFB3_g	B	2	6	4	0.5994005994005994
EL_CUX1	B	20	0	0	0.0
EL_SRSF2	B	20	11	57	0.16174092045287455
EL_TET2a	B	20	41	76	0.35039740193145885
EL_TET2b	B	20	106	175	0.37721077541724496
EL_TGFB3_c	B	20	0	0	0.0
EL_TGFB3_g	B	20	8	6	0.5710206995003569
EL_CUX1	B	21	0	0	0.0
EL_SRSF2	B	21	5	21	0.19223375624759706
EL_TET2a	B	21	11	26	0.29721696838692246
EL_TET2b	B	21	29	77	0.27355909819828317
EL_TGFB3_c	B	21	0	0	0.0
EL_TGFB3_g	B	21	5	342	0.0144088066626322
EL_CUX1	B	22	1	0	0.9900990099009901
EL_SRSF2	B	22	34	2352	0.014249730722000326
EL_TET2a	B	22	7642	6570	0.5377142290217921
EL_TET2b	B	22	78	68121	0.0011437116169281637
EL_TGFB3_c	B	22	0	0	0.0
EL_TGFB3_g	B	22	9	8	0.5291005291005291
EL_CUX1	B	23	0	0	0.0
EL_SRSF2	B	23	8	24	0.2499218994064355
EL_TET2a	B	23	20	59	0.2531325148715352
EL_TET2b	B	23	49	122	0.2865329512893983
EL_TGFB3_c	B	23	0	0	0.0
EL_TGFB3_g	B	23	5	3	0.6242197253433208
EL_CUX1	B	24	0	0	0.0
EL_SRSF2	B	24	12	40	0.23072486060373007
EL_TET2a	B	24	34	82	0.29307818291526594
EL_TET2b	B	24	81	189	0.2999888893003963
EL_TGFB3_c	B	24	0	0	0.0
EL_TGFB3_g	B	24	11	6	0.6466784244562022
EL_CUX1	B	3	0	0	0.0
EL_SRSF2	B	3	29	53	0.3536154127545421
EL_TET2a	B	3	24	81	0.2285496619369584
EL_TET2b	B	3	103	235	0.30472471228661874
EL_TGFB3_c	B	3	0	0	0.0
EL_TGFB3_g	B	3	2	1	0.6644518272425249
EL_CUX1	B	4	0	0	0.0
EL_SRSF2	B	4	32	265	0.10774048011851453
EL_TET2a	B	4	141	101	0.5826205528697161
EL_TET2b	B	4	47	141	0.2499867028349556
EL_TGFB3_c	B	4	0	0	0.0
EL_TGFB3_g	B	4	6	7	0.46118370484242893
EL_CUX1	B	5	0	0	0.0
EL_SRSF2	B	5	0	4	0.0
EL_TET2a	B	5	14	50	0.21871582565224182
EL_TET2b	B	5	78	196	0.28466114375387763
EL_TGFB3_c	B	5	0	0	0.0
EL_TGFB3_g	B	5	4	38	0.09521542489883361
EL_CUX1	B	6	0	0	0.0
EL_SRSF2	B	6	7	42	0.14282799428688023
EL_TET2a	B	6	59	67	0.4682168081898262
EL_TET2b	B	6	58	116	0.33331417734612956
EL_TGFB3_c	B	6	0	0	0.0
EL_TGFB3_g	B	6	10	1	0.9082652134423251
EL_CUX1	B	7	0	0	0.0
EL_SRSF2	B	7	3	11	0.21413276231263384
EL_TET2a	B	7	18	28	0.39121930015214085
EL_TET2b	B	7	24	54	0.30765286501730543
EL_TGFB3_c	B	7	0	0	0.0
EL_TGFB3_g	B	7	2	2	0.49875311720698257
EL_CUX1	B	8	0	0	0.0
EL_SRSF2	B	8	15	77	0.163025758069775
EL_TET2a	B	8	31	66	0.3195546850840119
EL_TET2b	B	8	48	149	0.2436424546977311
EL_TGFB3_c	B	8	0	0	0.0
EL_TGFB3_g	B	8	4	3	0.5706134094151213
EL_CUX1	B	9	0	0	0.0
EL_SRSF2	B	9	7	60	0.10446202059394119
EL_TET2a	B	9	23	41	0.359318856428683
EL_TET2b	B	9	38	77	0.3304060516476828
EL_TGFB3_c	B	9	0	0	0.0
EL_TGFB3_g	B	9	2	3	0.3992015968063872
EL_CUX1	C	1	0	0	0.0
EL_SRSF2	C	1	12	26	0.31570639305445936
EL_TET2a	C	1	52	30	0.6340690159736617
EL_TET2b	C	1	112	20	0.8484205741989244
EL_TGFB3_c	C	1	0	0	0.0
EL_TGFB3_g	C	1	1	39	0.024993751562109475
EL_CUX1	C	10	0	0	0.0
EL_SRSF2	C	10	0	5	0.0
EL_TET2a	C	10	1149	194	0.8555409118323766
EL_TET2b	C	10	44	162	0.21358186495801176
EL_TGFB3_c	C	10	0	0	0.0
EL_TGFB3_g	C	10	42	10	0.8075370121130552
EL_CUX1	C	11	0	0	0.0
EL_SRSF2	C	11	136	233	0.36855369773176877
EL_TET2a	C	11	198	2506	0.07322458127003968
EL_TET2b	C	11	20429	2206	0.9025399149370821
EL_TGFB3_c	C	11	0	0	0.0
EL_TGFB3_g	C	11	0	12	0.0
EL_CUX1	C	12	0	0	0.0
EL_SRSF2	C	12	26	65	0.2856828919898912
EL_TET2a	C	12	99	87	0.5322294500295683
EL_TET2b	C	12	243	40	0.8586269036429809
EL_TGFB3_c	C	12	0	0	0.0
EL_TGFB3_g	C	12	2	82	0.02380668967980002
EL_CUX1	C	13	0	0	0.0
EL_SRSF2	C	13	30	64	0.3191149877672588
EL_TET2a	C	13	90	77	0.5388898868331238
EL_TET2b	C	13	268	132	0.6699832504187395
EL_TGFB3_c	C	13	0	0	0.0
EL_TGFB3_g	C	13	7	67	0.09458181326847723
EL_CUX1	C	14	0	0	0.0
EL_SRSF2	C	14	0	0	0.0
EL_TET2a	C	14	7	5	0.5828476269775188
EL_TET2b	C	14	40	29	0.5796261411389654
EL_TGFB3_c	C	14	0	0	0.0
EL_TGFB3_g	C	14	0	13	0.0
EL_CUX1	C	15	0	0	0.0
EL_SRSF2	C	15	1	0	0.9900990099009901
EL_TET2a	C	15	10	13	0.43459365493263796
EL_TET2b	C	15	34	35	0.4926822199681205
EL_TGFB3_c	C	15	0	0	0.0
EL_TGFB3_g	C	15	5	7	0.41631973355537055
EL_CUX1	C	16	0	0	0.0
EL_SRSF2	C	16	17	110	0.13384772852531296
EL_TET2a	C	16	120	98	0.5504334663547544
EL_TET2b	C	16	169	222	0.4322140098718703
EL_TGFB3_c	C	16	0	0	0.0
EL_TGFB3_g	C	16	0	28	0.0
EL_CUX1	C	17	0	0	0.0
EL_SRSF2	C	17	18	84	0.17645328889324574
EL_TET2a	C	17	77	45	0.6310958118187033
EL_TET2b	C	17	150	28	0.842649289365766
EL_TGFB3_c	C	17	0	0	0.0
EL_TGFB3_g	C	17	3	41	0.0681663258350375
EL_CUX1	C	18	0	0	0.0
EL_SRSF2	C	18	12	51	0.19044596095857802
EL_TET2a	C	18	103	55	0.6518574773748498
EL_TET2b	C	18	148	24	0.8604150921458055
EL_TGFB3_c	C	18	0	0	0.0
EL_TGFB3_g	C	18	1	39	0.024993751562109475
EL_CUX1	C	19	0	0	0.0
EL_SRSF2	C	19	41	76	0.35039740193145885
EL_TET2a	C	19	92	202	0.31291452671677833
EL_TET2b	C	19	379	139	0.7316461072180074
EL_TGFB3_c	C	19	0	0	0.0
EL_TGFB3_g	C	19	2	36	0.052617732175743226
EL_CUX1	C	2	0	0	0.0
EL_SRSF2	C	2	13	213	0.057519578779700015
EL_TET2a	C	2	3383	638	0.841330909398385
EL_TET2b	C	2	282	218	0.5639887202255955
EL_TGFB3_c	C	2	0	0	0.0
EL_TGFB3_g	C	2	2	55	0.03508156463778284
EL_CUX1	C	20	0	0	0.0
EL_SRSF2	C	20	19	55	0.25672206458586677
EL_TET2a	C	20	78	55	0.5864220735283062
EL_TET2b	C	20	224	45	0.8326827998959146
EL_TGFB3_c	C	20	0	0	0.0
EL_TGFB3_g	C	20	5	56	0.081953778069169
EL_CUX1	C	21	0	0	0.0
EL_SRSF2	C	21	4	23	0.14809329877823027
EL_TET2a	C	21	39	17	0.6963042313872523
EL_TET2b	C	21	82	14	0.8540777002395583
EL_TGFB3_c	C	21	0	0	0.0
EL_TGFB3_g	C	21	2	23	0.07996801279488204
EL_CUX1	C	22	0	0	0.0
EL_SRSF2	C	22	28	110	0.20288384899644954
EL_TET2a	C	22	171	173	0.4970785732972879
EL_TET2b	C	22	316	561	0.36031516174273953
EL_TGFB3_c	C	22	0	0	0.0
EL_TGFB3_g	C	22	6	70	0.07893698197605578
EL_CUX1	C	23	0	0	0.0
EL_SRSF2	C	23	15	40	0.2726776949645519
EL_TET2a	C	23	58	38	0.604103739193834
EL_TET2b	C	23	200	26	0.8849165966107695
EL_TGFB3_c	C	23	0	0	0.0
EL_TGFB3_g	C	23	0	46	0.0
EL_CUX1	C	24	0	0	0.0
EL_SRSF2	C	24	25	210	0.10637845198076679
EL_TET2a	C	24	66	46	0.5892331041871262
EL_TET2b	C	24	193	34	0.8501828113298974
EL_TGFB3_c	C	24	0	0	0.0
EL_TGFB3_g	C	24	2	48	0.03999200159968007
EL_CUX1	C	3	0	0	0.0
EL_SRSF2	C	3	22	58	0.27496562929633794
EL_TET2a	C	3	40	115	0.2580478678794917
EL_TET2b	C	3	216	238	0.47576044580515847
EL_TGFB3_c	C	3	0	0	0.0
EL_TGFB3_g	C	3	3	29	0.09372071227741331
EL_CUX1	C	4	0	0	0.0
EL_SRSF2	C	4	733	465	0.611847981235549
EL_TET2a	C	4	19946	3778	0.8407516267275221
EL_TET2b	C	4	161	2778	0.05478035120669885
EL_TGFB3_c	C	4	0	0	0.0
EL_TGFB3_g	C	4	3	36	0.07690335811330429
EL_CUX1	C	5	0	0	0.0
EL_SRSF2	C	5	2	18	0.09995002498750624
EL_TET2a	C	5	24	2606	0.009125440587678373
EL_TET2b	C	5	7533	10	0.9986729435596665
EL_TGFB3_c	C	5	0	1	0.0
EL_TGFB3_g	C	5	1	6733	0.00014849992797753492
EL_CUX1	C	6	0	0	0.0
EL_SRSF2	C	6	10	783	0.012610181460511218
EL_TET2a	C	6	422	223	0.6542534224275592
EL_TET2b	C	6	141	20	0.8757220048444196
EL_TGFB3_c	C	6	0	0	0.0
EL_TGFB3_g	C	6	1	57	0.017238407171177385
EL_CUX1	C	7	0	0	0.0
EL_SRSF2	C	7	9	20	0.3102378490175801
EL_TET2a	C	7	22	26	0.45823786711101855
EL_TET2b	C	7	55	9	0.8592407436338072
EL_TGFB3_c	C	7	0	0	0.0
EL_TGFB3_g	C	7	2	13	0.13324450366422386
EL_CUX1	C	8	0	0	0.0
EL_SRSF2	C	8	254	3497	0.067715095400972
EL_TET2a	C	8	117	70	0.6256349927811348
EL_TET2b	C	8	203	327	0.383011641289787
EL_TGFB3_c	C	8	0	0	0.0
EL_TGFB3_g	C	8	2	43	0.04443457009553433
EL_CUX1	C	9	0	0	0.0
EL_SRSF2	C	9	17	3111	0.005434765234126489
EL_TET2a	C	9	242	59	0.8039600013288596
EL_TET2b	C	9	480	22	0.9561562518674926
EL_TGFB3_c	C	9	0	0	0.0
EL_TGFB3_g	C	9	5	265	0.018517832672863967
EL_CUX1	D	1	0	0	0.0
EL_SRSF2	D	1	0	1	0.0
EL_TET2a	D	1	740	98	0.883044355079295
EL_TET2b	D	1	0	0	0.0
EL_TGFB3_c	D	1	0	0	0.0
EL_TGFB3_g	D	1	0	3	0.0
EL_CUX1	D	10	0	0	0.0
EL_SRSF2	D	10	0	1	0.0
EL_TET2a	D	10	6	0	0.9983361064891847
EL_TET2b	D	10	0	0	0.0
EL_TGFB3_c	D	10	0	0	0.0
EL_TGFB3_g	D	10	0	0	0.0
EL_CUX1	D	11	0	0	0.0
EL_SRSF2	D	11	1	3	0.24937655860349128
EL_TET2a	D	11	1	10	0.09082652134423251
EL_TET2b	D	11	29	2	0.9351821992905514
EL_TGFB3_c	D	11	0	0	0.0
EL_TGFB3_g	D	11	0	0	0.0
EL_CUX1	D	12	0	0	0.0
EL_SRSF2	D	12	0	10	0.0
EL_TET2a	D	12	5	1	0.831946755407654
EL_TET2b	D	12	3	0	0.9966777408637875
EL_TGFB3_c	D	12	0	0	0.0
EL_TGFB3_g	D	12	0	0	0.0
EL_CUX1	D	13	0	0	0.0
EL_SRSF2	D	13	0	12	0.0
EL_TET2a	D	13	28	4	0.8747266479225243
EL_TET2b	D	13	5	31	0.13885031935573452
EL_TGFB3_c	D	13	0	0	0.0
EL_TGFB3_g	D	13	0	0	0.0
EL_CUX1	D	14	0	0	0.0
EL_SRSF2	D	14	0	0	0.0
EL_TET2a	D	14	1	0	0.9900990099009901
EL_TET2b	D	14	9	7	0.5621486570893192
EL_TGFB3_c	D	14	0	0	0.0
EL_TGFB3_g	D	14	0	0	0.0
EL_CUX1	D	15	0	0	0.0
EL_SRSF2	D	15	0	1	0.0
EL_TET2a	D	15	0	0	0.0
EL_TET2b	D	15	0	9	0.0
EL_TGFB3_c	D	15	0	0	0.0
EL_TGFB3_g	D	15	4	0	0.9975062344139651
EL_CUX1	D	16	0	0	0.0
EL_SRSF2	D	16	0	39	0.0
EL_TET2a	D	16	28	26	0.5184225143491946
EL_TET2b	D	16	3	67	0.0428510212826739
EL_TGFB3_c	D	16	0	0	0.0
EL_TGFB3_g	D	16	0	0	0.0
EL_CUX1	D	17	0	0	0.0
EL_SRSF2	D	17	0	11	0.0
EL_TET2a	D	17	4	0	0.9975062344139651
EL_TET2b	D	17	3	1	0.7481296758104738
EL_TGFB3_c	D	17	0	0	0.0
EL_TGFB3_g	D	17	0	1	0.0
EL_CUX1	D	18	0	0	0.0
EL_SRSF2	D	18	0	5	0.0
EL_TET2a	D	18	5	1	0.831946755407654
EL_TET2b	D	18	1	0	0.9900990099009901
EL_TGFB3_c	D	18	0	0	0.0
EL_TGFB3_g	D	18	0	0	0.0
EL_CUX1	D	19	0	0	0.0
EL_SRSF2	D	19	14	25	0.3588823378620867
EL_TET2a	D	19	8	77	0.09410657569697682
EL_TET2b	D	19	150	71	0.6787023211619384
EL_TGFB3_c	D	19	0	0	0.0
EL_TGFB3_g	D	19	0	0	0.0
EL_CUX1	D	2	0	0	0.0
EL_SRSF2	D	2	2	628	0.0031745527848764305
EL_TET2a	D	2	415	84	0.8316466603875674
EL_TET2b	D	2	916	87	0.9132511141464192
EL_TGFB3_c	D	2	0	0	0.0
EL_TGFB3_g	D	2	0	0	0.0
EL_CUX1	D	20	0	0	0.0
EL_SRSF2	D	20	1	2	0.33222591362126247
EL_TET2a	D	20	5	2	0.7132667617689016
EL_TET2b	D	20	3	2	0.5988023952095809
EL_TGFB3_c	D	20	0	0	0.0
EL_TGFB3_g	D	20	1	0	0.9900990099009901
EL_CUX1	D	21	0	0	0.0
EL_SRSF2	D	21	0	5	0.0
EL_TET2a	D	21	1	0	0.9900990099009901
EL_TET2b	D	21	2	0	0.9950248756218907
EL_TGFB3_c	D	21	0	0	0.0
EL_TGFB3_g	D	21	1	2	0.33222591362126247
EL_CUX1	D	22	0	0	0.0
EL_SRSF2	D	22	1	10	0.09082652134423251
EL_TET2a	D	22	27	15	0.6427041180671269
EL_TET2b	D	22	0	120	0.0
EL_TGFB3_c	D	22	0	0	0.0
EL_TGFB3_g	D	22	0	0	0.0
EL_CUX1	D	23	0	0	0.0
EL_SRSF2	D	23	0	6	0.0
EL_TET2a	D	23	6	1	0.8559201141226819
EL_TET2b	D	23	1	2	0.33222591362126247
EL_TGFB3_c	D	23	0	0	0.0
EL_TGFB3_g	D	23	0	0	0.0
EL_CUX1	D	24	0	0	0.0
EL_SRSF2	D	24	0	12	0.0
EL_TET2a	D	24	7	2	0.7769145394006659
EL_TET2b	D	24	2	1	0.6644518272425249
EL_TGFB3_c	D	24	0	0	0.0
EL_TGFB3_g	D	24	0	0	0.0
EL_CUX1	D	3	0	0	0.0
EL_SRSF2	D	3	6	185	0.03141196795979268
EL_TET2a	D	3	58	64	0.4753708712400623
EL_TET2b	D	3	62	96	0.3923802290994241
EL_TGFB3_c	D	3	0	0	0.0
EL_TGFB3_g	D	3	0	0	0.0
EL_CUX1	D	4	0	0	0.0
EL_SRSF2	D	4	10	15	0.3998400639744102
EL_TET2a	D	4	55	9	0.8592407436338072
EL_TET2b	D	4	2	12	0.14275517487508924
EL_TGFB3_c	D	4	0	0	0.0
EL_TGFB3_g	D	4	0	0	0.0
EL_CUX1	D	5	0	0	0.0
EL_SRSF2	D	5	0	0	0.0
EL_TET2a	D	5	2	10	0.16652789342214822
EL_TET2b	D	5	16	0	0.9993753903810118
EL_TGFB3_c	D	5	0	0	0.0
EL_TGFB3_g	D	5	0	26	0.0
EL_CUX1	D	6	0	0	0.0
EL_SRSF2	D	6	0	15	0.0
EL_TET2a	D	6	6	2	0.7490636704119851
EL_TET2b	D	6	2	3	0.3992015968063872
EL_TGFB3_c	D	6	0	0	0.0
EL_TGFB3_g	D	6	1	0	0.9900990099009901
EL_CUX1	D	7	0	0	0.0
EL_SRSF2	D	7	0	5	0.0
EL_TET2a	D	7	2	0	0.9950248756218907
EL_TET2b	D	7	0	1	0.0
EL_TGFB3_c	D	7	0	0	0.0
EL_TGFB3_g	D	7	0	0	0.0
EL_CUX1	D	8	0	0	0.0
EL_SRSF2	D	8	1	27	0.035701535166012134
EL_TET2a	D	8	4	5	0.4439511653718091
EL_TET2b	D	8	4	15	0.21041557075223566
EL_TGFB3_c	D	8	0	0	0.0
EL_TGFB3_g	D	8	0	0	0.0
EL_CUX1	D	9	0	0	0.0
EL_SRSF2	D	9	0	15	0.0
EL_TET2a	D	9	4	0	0.9975062344139651
EL_TET2b	D	9	5	1	0.831946755407654
EL_TGFB3_c	D	9	0	0	0.0
EL_TGFB3_g	D	9	0	2	0.0
EL_CUX1	E	1	0	0	0.0
EL_SRSF2	E	1	3	5	0.37453183520599254
EL_TET2a	E	1	4	363	0.010898885588948531
EL_TET2b	E	1	10	32	0.23803856224708403
EL_TGFB3_c	E	1	0	0	0.0
EL_TGFB3_g	E	1	0	422	0.0
EL_CUX1	E	10	0	0	0.0
EL_SRSF2	E	10	1	0	0.9900990099009901
EL_TET2a	E	10	9	3	0.7493755203996669
EL_TET2b	E	10	2	14	0.12492192379762647
EL_TGFB3_c	E	10	0	0	0.0
EL_TGFB3_g	E	10	0	1	0.0
EL_CUX1	E	11	0	0	0.0
EL_SRSF2	E	11	1	1	0.49751243781094534
EL_TET2a	E	11	3	12	0.19986675549633579
EL_TET2b	E	11	42	14	0.7498660953401178
EL_TGFB3_c	E	11	0	0	0.0
EL_TGFB3_g	E	11	0	1	0.0
EL_CUX1	E	12	0	0	0.0
EL_SRSF2	E	12	6	19	0.23990403838464613
EL_TET2a	E	12	3	29	0.09372071227741331
EL_TET2b	E	12	70	61	0.5343103579879399
EL_TGFB3_c	E	12	0	0	0.0
EL_TGFB3_g	E	12	0	3	0.0
EL_CUX1	E	13	0	0	0.0
EL_SRSF2	E	13	7	14	0.3331746787244169
EL_TET2a	E	13	2	45	0.04254413954477771
EL_TET2b	E	13	34	65	0.3433996566003434
EL_TGFB3_c	E	13	0	0	0.0
EL_TGFB3_g	E	13	0	4	0.0
EL_CUX1	E	14	0	0	0.0
EL_SRSF2	E	14	0	0	0.0
EL_TET2a	E	14	1	2	0.33222591362126247
EL_TET2b	E	14	5	22	0.18511662347278784
EL_TGFB3_c	E	14	0	0	0.0
EL_TGFB3_g	E	14	0	1	0.0
EL_CUX1	E	15	0	0	0.0
EL_SRSF2	E	15	0	1	0.0
EL_TET2a	E	15	1	26	0.03702332469455757
EL_TET2b	E	15	6	28	0.17641870038224053
EL_TGFB3_c	E	15	0	0	0.0
EL_TGFB3_g	E	15	1	0	0.9900990099009901
EL_CUX1	E	16	0	0	0.0
EL_SRSF2	E	16	4	32	0.11108025548458762
EL_TET2a	E	16	25	31	0.4463488662738797
EL_TET2b	E	16	15	149	0.09145783793671118
EL_TGFB3_c	E	16	0	0	0.0
EL_TGFB3_g	E	16	0	1	0.0
EL_CUX1	E	17	0	0	0.0
EL_SRSF2	E	17	3	145	0.020268900749949328
EL_TET2a	E	17	0	14	0.0
EL_TET2b	E	17	14	44	0.24133770039648336
EL_TGFB3_c	E	17	0	0	0.0
EL_TGFB3_g	E	17	1	0	0.9900990099009901
EL_CUX1	E	18	0	0	0.0
EL_SRSF2	E	18	2	14	0.12492192379762647
EL_TET2a	E	18	0	13	0.0
EL_TET2b	E	18	20	47	0.29846291598268915
EL_TGFB3_c	E	18	0	0	0.0
EL_TGFB3_g	E	18	0	0	0.0
EL_CUX1	E	19	0	0	0.0
EL_SRSF2	E	19	15	32	0.3190810465858328
EL_TET2a	E	19	4	101	0.038091610322826396
EL_TET2b	E	19	128	121	0.5140355809003655
EL_TGFB3_c	E	19	0	0	0.0
EL_TGFB3_g	E	19	0	2	0.0
EL_CUX1	E	2	0	0	0.0
EL_SRSF2	E	2	3	21	0.12494793835901707
EL_TET2a	E	2	16	381	0.04030125185763583
EL_TET2b	E	2	776	7292	0.09618232996736494
EL_TGFB3_c	E	2	0	0	0.0
EL_TGFB3_g	E	2	0	1	0.0
EL_CUX1	E	20	0	0	0.0
EL_SRSF2	E	20	8	10	0.44419766796224314
EL_TET2a	E	20	3	24	0.11106997408367271
EL_TET2b	E	20	23	64	0.26433743247902536
EL_TGFB3_c	E	20	0	0	0.0
EL_TGFB3_g	E	20	0	4	0.0
EL_CUX1	E	21	0	0	0.0
EL_SRSF2	E	21	0	144	0.0
EL_TET2a	E	21	1	5	0.1663893510815308
EL_TET2b	E	21	9	30	0.23071007433991286
EL_TGFB3_c	E	21	0	0	0.0
EL_TGFB3_g	E	21	0	1	0.0
EL_CUX1	E	22	0	0	0.0
EL_SRSF2	E	22	19	25	0.4317200636219041
EL_TET2a	E	22	42	47	0.4718570947084597
EL_TET2b	E	22	39	296	0.11641443538998836
EL_TGFB3_c	E	22	0	0	0.0
EL_TGFB3_g	E	22	0	7	0.0
EL_CUX1	E	23	0	0	0.0
EL_SRSF2	E	23	0	8	0.0
EL_TET2a	E	23	1	22	0.0434593654932638
EL_TET2b	E	23	8	28	0.22216051096917525
EL_TGFB3_c	E	23	0	0	0.0
EL_TGFB3_g	E	23	0	1	0.0
EL_CUX1	E	24	0	0	0.0
EL_SRSF2	E	24	4	16	0.19990004997501248
EL_TET2a	E	24	2	15	0.11757789535567312
EL_TET2b	E	24	21	64	0.24702976120456416
EL_TGFB3_c	E	24	0	0	0.0
EL_TGFB3_g	E	24	0	4	0.0
EL_CUX1	E	3	0	0	0.0
EL_SRSF2	E	3	695	1422	0.32829320598391126
EL_TET2a	E	3	334	6074	0.0521222657268013
EL_TET2b	E	3	9939	22825	0.3033511465782119
EL_TGFB3_c	E	3	0	0	0.0
EL_TGFB3_g	E	3	0	1	0.0
EL_CUX1	E	4	0	0	0.0
EL_SRSF2	E	4	9	19	0.32131381649410923
EL_TET2a	E	4	67	34	0.6633006633006633
EL_TET2b	E	4	9	50	0.1525165226232842
EL_TGFB3_c	E	4	0	0	0.0
EL_TGFB3_g	E	4	0	2	0.0
EL_CUX1	E	5	0	0	0.0
EL_SRSF2	E	5	0	0	0.0
EL_TET2a	E	5	0	10	0.0
EL_TET2b	E	5	31	18	0.6325239746990411
EL_TGFB3_c	E	5	0	0	0.0
EL_TGFB3_g	E	5	0	17	0.0
EL_CUX1	E	6	0	0	0.0
EL_SRSF2	E	6	2	17	0.10520778537611783
EL_TET2a	E	6	6	14	0.2998500749625187
EL_TET2b	E	6	12	58	0.1714040851306956
EL_TGFB3_c	E	6	0	0	0.0
EL_TGFB3_g	E	6	0	2	0.0
EL_CUX1	E	7	0	0	0.0
EL_SRSF2	E	7	3	2	0.5988023952095809
EL_TET2a	E	7	1	14	0.06662225183211193
EL_TET2b	E	7	4	19	0.1738374619730552
EL_TGFB3_c	E	7	0	0	0.0
EL_TGFB3_g	E	7	0	3	0.0
EL_CUX1	E	8	0	0	0.0
EL_SRSF2	E	8	10	40	0.19996000799840033
EL_TET2a	E	8	4	38	0.09521542489883361
EL_TET2b	E	8	38	53	0.4175365344467641
EL_TGFB3_c	E	8	0	0	0.0
EL_TGFB3_g	E	8	0	2	0.0
EL_CUX1	E	9	0	0	0.0
EL_SRSF2	E	9	6	24	0.19993335554815062
EL_TET2a	E	9	3	25	0.10710460549803641
EL_TET2b	E	9	11	53	0.17184814872676143
EL_TGFB3_c	E	9	0	0	0.0
EL_TGFB3_g	E	9	1	3	0.24937655860349128
EL_CUX1	F	1	0	0	0.0
EL_SRSF2	F	1	0	0	0.0
EL_TET2a	F	1	2	2	0.49875311720698257
EL_TET2b	F	1	1	1	0.49751243781094534
EL_TGFB3_c	F	1	0	0	0.0
EL_TGFB3_g	F	1	0	5	0.0
EL_CUX1	F	10	0	0	0.0
EL_SRSF2	F	10	0	1	0.0
EL_TET2a	F	10	3	1	0.7481296758104738
EL_TET2b	F	10	1	6	0.14265335235378032
EL_TGFB3_c	F	10	0	0	0.0
EL_TGFB3_g	F	10	0	0	0.0
EL_CUX1	F	11	0	0	0.0
EL_SRSF2	F	11	0	1	0.0
EL_TET2a	F	11	4	19	0.1738374619730552
EL_TET2b	F	11	48	16	0.7498828308076863
EL_TGFB3_c	F	11	0	0	0.0
EL_TGFB3_g	F	11	0	0	0.0
EL_CUX1	F	12	0	0	0.0
EL_SRSF2	F	12	0	7	0.0
EL_TET2a	F	12	0	0	0.0
EL_TET2b	F	12	2	2	0.49875311720698257
EL_TGFB3_c	F	12	0	0	0.0
EL_TGFB3_g	F	12	0	0	0.0
EL_CUX1	F	13	0	0	0.0
EL_SRSF2	F	13	4	2	0.6655574043261232
EL_TET2a	F	13	12	8	0.5997001499250374
EL_TET2b	F	13	10	53	0.15870496746548168
EL_TGFB3_c	F	13	0	0	0.0
EL_TGFB3_g	F	13	0	0	0.0
EL_CUX1	F	14	0	0	0.0
EL_SRSF2	F	14	0	0	0.0
EL_TET2a	F	14	7	1	0.8739076154806492
EL_TET2b	F	14	1	16	0.05878894767783656
EL_TGFB3_c	F	14	0	0	0.0
EL_TGFB3_g	F	14	0	0	0.0
EL_CUX1	F	15	0	0	0.0
EL_SRSF2	F	15	0	0	0.0
EL_TET2a	F	15	3	1	0.7481296758104738
EL_TET2b	F	15	0	8	0.0
EL_TGFB3_c	F	15	0	0	0.0
EL_TGFB3_g	F	15	4	0	0.9975062344139651
EL_CUX1	F	16	0	0	0.0
EL_SRSF2	F	16	2	26	0.07140307033202427
EL_TET2a	F	16	31	16	0.6594341629440544
EL_TET2b	F	16	3	99	0.029408881482207626
EL_TGFB3_c	F	16	0	0	0.0
EL_TGFB3_g	F	16	0	0	0.0
EL_CUX1	F	17	0	0	0.0
EL_SRSF2	F	17	1	9	0.0999000999000999
EL_TET2a	F	17	1	3	0.24937655860349128
EL_TET2b	F	17	0	3	0.0
EL_TGFB3_c	F	17	0	0	0.0
EL_TGFB3_g	F	17	0	0	0.0
EL_CUX1	F	18	0	0	0.0
EL_SRSF2	F	18	0	1	0.0
EL_TET2a	F	18	2	1	0.6644518272425249
EL_TET2b	F	18	1	2	0.33222591362126247
EL_TGFB3_c	F	18	0	0	0.0
EL_TGFB3_g	F	18	0	0	0.0
EL_CUX1	F	19	0	0	0.0
EL_SRSF2	F	19	20	18	0.5261773217574323
EL_TET2a	F	19	4	103	0.037379684141669
EL_TET2b	F	19	102	26	0.7968127490039841
EL_TGFB3_c	F	19	0	0	0.0
EL_TGFB3_g	F	19	0	0	0.0
EL_CUX1	F	2	0	0	0.0
EL_SRSF2	F	2	0	12	0.0
EL_TET2a	F	2	12	12	0.4997917534360683
EL_TET2b	F	2	11	82	0.11826685302655628
EL_TGFB3_c	F	2	0	0	0.0
EL_TGFB3_g	F	2	0	0	0.0
EL_CUX1	F	20	0	0	0.0
EL_SRSF2	F	20	2	0	0.9950248756218907
EL_TET2a	F	20	0	0	0.0
EL_TET2b	F	20	0	6	0.0
EL_TGFB3_c	F	20	0	0	0.0
EL_TGFB3_g	F	20	0	0	0.0
EL_CUX1	F	21	0	0	0.0
EL_SRSF2	F	21	0	1	0.0
EL_TET2a	F	21	0	0	0.0
EL_TET2b	F	21	0	0	0.0
EL_TGFB3_c	F	21	0	0	0.0
EL_TGFB3_g	F	21	0	1	0.0
EL_CUX1	F	22	0	0	0.0
EL_SRSF2	F	22	14	21	0.3998857469294487
EL_TET2a	F	22	35	34	0.5071728734965947
EL_TET2b	F	22	28	185	0.13144922773578704
EL_TGFB3_c	F	22	0	0	0.0
EL_TGFB3_g	F	22	0	0	0.0
EL_CUX1	F	23	0	0	0.0
EL_SRSF2	F	23	0	0	0.0
EL_TET2a	F	23	2	1	0.6644518272425249
EL_TET2b	F	23	0	0	0.0
EL_TGFB3_c	F	23	0	0	0.0
EL_TGFB3_g	F	23	0	1	0.0
EL_CUX1	F	24	0	0	0.0
EL_SRSF2	F	24	0	11	0.0
EL_TET2a	F	24	1	0	0.9900990099009901
EL_TET2b	F	24	1	4	0.1996007984031936
EL_TGFB3_c	F	24	0	0	0.0
EL_TGFB3_g	F	24	0	0	0.0
EL_CUX1	F	3	0	0	0.0
EL_SRSF2	F	3	6	23	0.20682523267838676
EL_TET2a	F	3	5	31	0.13885031935573452
EL_TET2b	F	3	37	80	0.31621228954790187
EL_TGFB3_c	F	3	0	0	0.0
EL_TGFB3_g	F	3	0	0	0.0
EL_CUX1	F	4	0	0	0.0
EL_SRSF2	F	4	9	10	0.4734350341925302
EL_TET2a	F	4	56	132	0.29785649699484074
EL_TET2b	F	4	0	15	0.0
EL_TGFB3_c	F	4	0	0	0.0
EL_TGFB3_g	F	4	0	0	0.0
EL_CUX1	F	5	0	0	0.0
EL_SRSF2	F	5	0	0	0.0
EL_TET2a	F	5	0	13	0.0
EL_TET2b	F	5	19	1	0.9495252373813092
EL_TGFB3_c	F	5	0	0	0.0
EL_TGFB3_g	F	5	1	27	0.035701535166012134
EL_CUX1	F	6	0	0	0.0
EL_SRSF2	F	6	1	4	0.1996007984031936
EL_TET2a	F	6	4	3	0.5706134094151213
EL_TET2b	F	6	2	2	0.49875311720698257
EL_TGFB3_c	F	6	0	0	0.0
EL_TGFB3_g	F	6	1	0	0.9900990099009901
EL_CUX1	F	7	0	0	0.0
EL_SRSF2	F	7	0	0	0.0
EL_TET2a	F	7	0	2	0.0
EL_TET2b	F	7	0	2	0.0
EL_TGFB3_c	F	7	0	0	0.0
EL_TGFB3_g	F	7	0	0	0.0
EL_CUX1	F	8	0	0	0.0
EL_SRSF2	F	8	2	13	0.13324450366422386
EL_TET2a	F	8	0	3	0.0
EL_TET2b	F	8	3	2	0.5988023952095809
EL_TGFB3_c	F	8	0	0	0.0
EL_TGFB3_g	F	8	0	0	0.0
EL_CUX1	F	9	0	0	0.0
EL_SRSF2	F	9	2	20	0.09086778736937755
EL_TET2a	F	9	5	4	0.5549389567147613
EL_TET2b	F	9	3	8	0.2724795640326976
EL_TGFB3_c	F	9	0	0	0.0
EL_TGFB3_g	F	9	0	2	0.0
EL_CUX1	G	1	0	0	0.0
EL_SRSF2	G	1	0	0	0.0
EL_TET2a	G	1	2	1	0.6644518272425249
EL_TET2b	G	1	0	1	0.0
EL_TGFB3_c	G	1	0	0	0.0
EL_TGFB3_g	G	1	0	6	0.0
EL_CUX1	G	10	0	0	0.0
EL_SRSF2	G	10	0	0	0.0
EL_TET2a	G	10	5	1	0.831946755407654
EL_TET2b	G	10	3	1	0.7481296758104738
EL_TGFB3_c	G	10	0	0	0.0
EL_TGFB3_g	G	10	0	0	0.0
EL_CUX1	G	11	0	0	0.0
EL_SRSF2	G	11	1	5	0.1663893510815308
EL_TET2a	G	11	1	11	0.08326394671107411
EL_TET2b	G	11	38	28	0.5756703529768217
EL_TGFB3_c	G	11	0	0	0.0
EL_TGFB3_g	G	11	0	0	0.0
EL_CUX1	G	12	0	0	0.0
EL_SRSF2	G	12	0	6	0.0
EL_TET2a	G	12	0	8	0.0
EL_TET2b	G	12	14	2	0.8744534665833853
EL_TGFB3_c	G	12	0	0	0.0
EL_TGFB3_g	G	12	0	0	0.0
EL_CUX1	G	13	0	0	0.0
EL_SRSF2	G	13	1	0	0.9900990099009901
EL_TET2a	G	13	2	1	0.6644518272425249
EL_TET2b	G	13	4	4	0.4993757802746567
EL_TGFB3_c	G	13	0	0	0.0
EL_TGFB3_g	G	13	0	1	0.0
EL_CUX1	G	14	0	0	0.0
EL_SRSF2	G	14	0	0	0.0
EL_TET2a	G	14	0	0	0.0
EL_TET2b	G	14	0	15	0.0
EL_TGFB3_c	G	14	0	0	0.0
EL_TGFB3_g	G	14	0	0	0.0
EL_CUX1	G	15	0	0	0.0
EL_SRSF2	G	15	0	0	0.0
EL_TET2a	G	15	0	1	0.0
EL_TET2b	G	15	2	12	0.14275517487508924
EL_TGFB3_c	G	15	0	0	0.0
EL_TGFB3_g	G	15	3	0	0.9966777408637875
EL_CUX1	G	16	0	0	0.0
EL_SRSF2	G	16	1	22	0.0434593654932638
EL_TET2a	G	16	21	46	0.3133860617818236
EL_TET2b	G	16	2	111	0.017697548889478807
EL_TGFB3_c	G	16	0	0	0.0
EL_TGFB3_g	G	16	0	0	0.0
EL_CUX1	G	17	0	0	0.0
EL_SRSF2	G	17	0	9	0.0
EL_TET2a	G	17	0	1	0.0
EL_TET2b	G	17	0	1	0.0
EL_TGFB3_c	G	17	0	0	0.0
EL_TGFB3_g	G	17	0	0	0.0
EL_CUX1	G	18	0	0	0.0
EL_SRSF2	G	18	0	1	0.0
EL_TET2a	G	18	0	2	0.0
EL_TET2b	G	18	1	1	0.49751243781094534
EL_TGFB3_c	G	18	0	0	0.0
EL_TGFB3_g	G	18	0	0	0.0
EL_CUX1	G	19	0	0	0.0
EL_SRSF2	G	19	11	14	0.43982407037185123
EL_TET2a	G	19	5	69	0.0675584380489123
EL_TET2b	G	19	105	54	0.6603358279353501
EL_TGFB3_c	G	19	0	0	0.0
EL_TGFB3_g	G	19	0	0	0.0
EL_CUX1	G	2	0	0	0.0
EL_SRSF2	G	2	0	21	0.0
EL_TET2a	G	2	8	6	0.5710206995003569
EL_TET2b	G	2	20	74	0.21274332517817252
EL_TGFB3_c	G	2	0	0	0.0
EL_TGFB3_g	G	2	0	1	0.0
EL_CUX1	G	20	0	0	0.0
EL_SRSF2	G	20	0	1	0.0
EL_TET2a	G	20	8	2	0.7992007992007992
EL_TET2b	G	20	1	6	0.14265335235378032
EL_TGFB3_c	G	20	0	0	0.0
EL_TGFB3_g	G	20	0	0	0.0
EL_CUX1	G	21	0	0	0.0
EL_SRSF2	G	21	0	1	0.0
EL_TET2a	G	21	1	0	0.9900990099009901
EL_TET2b	G	21	2	2	0.49875311720698257
EL_TGFB3_c	G	21	0	0	0.0
EL_TGFB3_g	G	21	0	1	0.0
EL_CUX1	G	22	0	0	0.0
EL_SRSF2	G	22	2	10	0.16652789342214822
EL_TET2a	G	22	41	44	0.4822962004470062
EL_TET2b	G	22	5	194	0.025124365609768353
EL_TGFB3_c	G	22	0	0	0.0
EL_TGFB3_g	G	22	0	0	0.0
EL_CUX1	G	23	0	0	0.0
EL_SRSF2	G	23	0	0	0.0
EL_TET2a	G	23	0	0	0.0
EL_TET2b	G	23	0	1	0.0
EL_TGFB3_c	G	23	0	0	0.0
EL_TGFB3_g	G	23	0	0	0.0
EL_CUX1	G	24	0	0	0.0
EL_SRSF2	G	24	0	6	0.0
EL_TET2a	G	24	0	1	0.0
EL_TET2b	G	24	0	3	0.0
EL_TGFB3_c	G	24	0	0	0.0
EL_TGFB3_g	G	24	1	0	0.9900990099009901
EL_CUX1	G	3	0	0	0.0
EL_SRSF2	G	3	9	28	0.2431775195893002
EL_TET2a	G	3	3	42	0.06665185514330149
EL_TET2b	G	3	44	115	0.2767121564681467
EL_TGFB3_c	G	3	0	0	0.0
EL_TGFB3_g	G	3	0	0	0.0
EL_CUX1	G	4	0	0	0.0
EL_SRSF2	G	4	8	10	0.44419766796224314
EL_TET2a	G	4	52	11	0.8252658308205048
EL_TET2b	G	4	0	9	0.0
EL_TGFB3_c	G	4	0	0	0.0
EL_TGFB3_g	G	4	0	0	0.0
EL_CUX1	G	5	0	0	0.0
EL_SRSF2	G	5	0	0	0.0
EL_TET2a	G	5	2	19	0.09519276534983341
EL_TET2b	G	5	20	3	0.8691873098652759
EL_TGFB3_c	G	5	0	0	0.0
EL_TGFB3_g	G	5	0	35	0.0
EL_CUX1	G	6	0	0	0.0
EL_SRSF2	G	6	0	10	0.0
EL_TET2a	G	6	4	0	0.9975062344139651
EL_TET2b	G	6	2	2	0.49875311720698257
EL_TGFB3_c	G	6	0	0	0.0
EL_TGFB3_g	G	6	0	0	0.0
EL_CUX1	G	7	0	0	0.0
EL_SRSF2	G	7	0	0	0.0
EL_TET2a	G	7	9	1	0.8991008991008991
EL_TET2b	G	7	3	7	0.2997002997002997
EL_TGFB3_c	G	7	0	0	0.0
EL_TGFB3_g	G	7	0	0	0.0
EL_CUX1	G	8	0	0	0.0
EL_SRSF2	G	8	2	26	0.07140307033202427
EL_TET2a	G	8	6	9	0.39973351099267157
EL_TET2b	G	8	17	5	0.7723761926397091
EL_TGFB3_c	G	8	0	0	0.0
EL_TGFB3_g	G	8	0	0	0.0
EL_CUX1	G	9	0	0	0.0
EL_SRSF2	G	9	2	9	0.18165304268846502
EL_TET2a	G	9	1	6	0.14265335235378032
EL_TET2b	G	9	37	20	0.6490089457989826
EL_TGFB3_c	G	9	0	0	0.0
EL_TGFB3_g	G	9	0	1	0.0
EL_CUX1	H	1	0	0	0.0
EL_SRSF2	H	1	0	0	0.0
EL_TET2a	H	1	4	3	0.5706134094151213
EL_TET2b	H	1	1	0	0.9900990099009901
EL_TGFB3_c	H	1	0	0	0.0
EL_TGFB3_g	H	1	0	4	0.0
EL_CUX1	H	10	0	0	0.0
EL_SRSF2	H	10	0	0	0.0
EL_TET2a	H	10	3	0	0.9966777408637875
EL_TET2b	H	10	0	0	0.0
EL_TGFB3_c	H	10	0	0	0.0
EL_TGFB3_g	H	10	0	0	0.0
EL_CUX1	H	11	0	0	0.0
EL_SRSF2	H	11	0	0	0.0
EL_TET2a	H	11	2	15	0.11757789535567312
EL_TET2b	H	11	28	5	0.8482278097546199
EL_TGFB3_c	H	11	0	0	0.0
EL_TGFB3_g	H	11	0	0	0.0
EL_CUX1	H	12	0	0	0.0
EL_SRSF2	H	12	0	9	0.0
EL_TET2a	H	12	0	32	0.0
EL_TET2b	H	12	34	7	0.8290660814435504
EL_TGFB3_c	H	12	0	0	0.0
EL_TGFB3_g	H	12	0	0	0.0
EL_CUX1	H	13	0	0	0.0
EL_SRSF2	H	13	4	2	0.6655574043261232
EL_TET2a	H	13	1	16	0.05878894767783656
EL_TET2b	H	13	25	9	0.7350779182593355
EL_TGFB3_c	H	13	0	0	0.0
EL_TGFB3_g	H	13	0	1	0.0
EL_CUX1	H	14	0	0	0.0
EL_SRSF2	H	14	0	0	0.0
EL_TET2a	H	14	0	2	0.0
EL_TET2b	H	14	0	6	0.0
EL_TGFB3_c	H	14	0	0	0.0
EL_TGFB3_g	H	14	0	0	0.0
EL_CUX1	H	15	0	0	0.0
EL_SRSF2	H	15	0	0	0.0
EL_TET2a	H	15	1	0	0.9900990099009901
EL_TET2b	H	15	1	15	0.062460961898813235
EL_TGFB3_c	H	15	0	0	0.0
EL_TGFB3_g	H	15	1	0	0.9900990099009901
EL_CUX1	H	16	0	0	0.0
EL_SRSF2	H	16	0	23	0.0
EL_TET2a	H	16	26	37	0.4126329154102524
EL_TET2b	H	16	2	87	0.022469385462307603
EL_TGFB3_c	H	16	0	0	0.0
EL_TGFB3_g	H	16	0	0	0.0
EL_CUX1	H	17	0	0	0.0
EL_SRSF2	H	17	0	15	0.0
EL_TET2a	H	17	0	2	0.0
EL_TET2b	H	17	17	17	0.4998529844163482
EL_TGFB3_c	H	17	0	0	0.0
EL_TGFB3_g	H	17	0	0	0.0
EL_CUX1	H	18	0	0	0.0
EL_SRSF2	H	18	0	9	0.0
EL_TET2a	H	18	1	1	0.49751243781094534
EL_TET2b	H	18	1	1	0.49751243781094534
EL_TGFB3_c	H	18	0	0	0.0
EL_TGFB3_g	H	18	0	1	0.0
EL_CUX1	H	19	0	0	0.0
EL_SRSF2	H	19	17	17	0.4998529844163482
EL_TET2a	H	19	2	75	0.02597065316192702
EL_TET2b	H	19	105	45	0.6999533364442371
EL_TGFB3_c	H	19	0	0	0.0
EL_TGFB3_g	H	19	0	0	0.0
EL_CUX1	H	2	0	0	0.0
EL_SRSF2	H	2	0	17	0.0
EL_TET2a	H	2	16	7	0.6953498478922208
EL_TET2b	H	2	24	103	0.18896149909455948
EL_TGFB3_c	H	2	0	0	0.0
EL_TGFB3_g	H	2	0	0	0.0
EL_CUX1	H	20	0	0	0.0
EL_SRSF2	H	20	1	1	0.49751243781094534
EL_TET2a	H	20	0	1	0.0
EL_TET2b	H	20	4	2	0.6655574043261232
EL_TGFB3_c	H	20	0	0	0.0
EL_TGFB3_g	H	20	0	1	0.0
EL_CUX1	H	21	0	0	0.0
EL_SRSF2	H	21	0	3	0.0
EL_TET2a	H	21	0	0	0.0
EL_TET2b	H	21	0	3	0.0
EL_TGFB3_c	H	21	0	0	0.0
EL_TGFB3_g	H	21	1	8	0.11098779134295228
EL_CUX1	H	22	0	0	0.0
EL_SRSF2	H	22	2	7	0.22197558268590456
EL_TET2a	H	22	31	28	0.5253346890357566
EL_TET2b	H	22	5	222	0.02202546143341703
EL_TGFB3_c	H	22	0	0	0.0
EL_TGFB3_g	H	22	1	0	0.9900990099009901
EL_CUX1	H	23	0	0	0.0
EL_SRSF2	H	23	0	1	0.0
EL_TET2a	H	23	0	2	0.0
EL_TET2b	H	23	0	0	0.0
EL_TGFB3_c	H	23	0	0	0.0
EL_TGFB3_g	H	23	0	0	0.0
EL_CUX1	H	24	0	0	0.0
EL_SRSF2	H	24	0	4	0.0
EL_TET2a	H	24	1	1	0.49751243781094534
EL_TET2b	H	24	2	0	0.9950248756218907
EL_TGFB3_c	H	24	0	0	0.0
EL_TGFB3_g	H	24	0	0	0.0
EL_CUX1	H	3	0	0	0.0
EL_SRSF2	H	3	8	24	0.2499218994064355
EL_TET2a	H	3	1	37	0.026308866087871613
EL_TET2b	H	3	43	89	0.32573289902280134
EL_TGFB3_c	H	3	0	0	0.0
EL_TGFB3_g	H	3	0	0	0.0
EL_CUX1	H	4	0	0	0.0
EL_SRSF2	H	4	10	8	0.555247084952804
EL_TET2a	H	4	55	17	0.7637828079433412
EL_TET2b	H	4	2	19	0.09519276534983341
EL_TGFB3_c	H	4	0	0	0.0
EL_TGFB3_g	H	4	0	0	0.0
EL_CUX1	H	5	0	0	0.0
EL_SRSF2	H	5	0	0	0.0
EL_TET2a	H	5	5	9	0.35688793718772305
EL_TET2b	H	5	16	8	0.6663890045814244
EL_TGFB3_c	H	5	0	0	0.0
EL_TGFB3_g	H	5	0	31	0.0
EL_CUX1	H	6	0	0	0.0
EL_SRSF2	H	6	3	8	0.2724795640326976
EL_TET2a	H	6	6	1	0.8559201141226819
EL_TET2b	H	6	67	16	0.8071316708830261
EL_TGFB3_c	H	6	0	0	0.0
EL_TGFB3_g	H	6	0	0	0.0
EL_CUX1	H	7	0	0	0.0
EL_SRSF2	H	7	0	0	0.0
EL_TET2a	H	7	1	2	0.33222591362126247
EL_TET2b	H	7	4	1	0.7984031936127745
EL_TGFB3_c	H	7	0	0	0.0
EL_TGFB3_g	H	7	0	0	0.0
EL_CUX1	H	8	0	0	0.0
EL_SRSF2	H	8	1	40	0.0243842965130456
EL_TET2a	H	8	1	27	0.035701535166012134
EL_TET2b	H	8	15	31	0.3260160834601174
EL_TGFB3_c	H	8	0	0	0.0
EL_TGFB3_g	H	8	0	1	0.0
EL_CUX1	H	9	0	0	0.0
EL_SRSF2	H	9	1	17	0.05552470849528039
EL_TET2a	H	9	4	8	0.33305578684429643
EL_TET2b	H	9	8	28	0.22216051096917525
EL_TGFB3_c	H	9	0	0	0.0
EL_TGFB3_g	H	9	0	0	0.0
EL_CUX1	I	1	0	0	0.0
EL_SRSF2	I	1	0	0	0.0
EL_TET2a	I	1	1	0	0.9900990099009901
EL_TET2b	I	1	0	0	0.0
EL_TGFB3_c	I	1	0	0	0.0
EL_TGFB3_g	I	1	0	0	0.0
EL_CUX1	I	10	0	0	0.0
EL_SRSF2	I	10	0	0	0.0
EL_TET2a	I	10	1	3	0.24937655860349128
EL_TET2b	I	10	0	0	0.0
EL_TGFB3_c	I	10	0	0	0.0
EL_TGFB3_g	I	10	0	0	0.0
EL_CUX1	I	11	0	0	0.0
EL_SRSF2	I	11	0	1	0.0
EL_TET2a	I	11	5	12	0.2939447383891828
EL_TET2b	I	11	26	4	0.866377874041986
EL_TGFB3_c	I	11	0	0	0.0
EL_TGFB3_g	I	11	0	0	0.0
EL_CUX1	I	12	0	0	0.0
EL_SRSF2	I	12	0	9	0.0
EL_TET2a	I	12	0	1	0.0
EL_TET2b	I	12	3	1	0.7481296758104738
EL_TGFB3_c	I	12	0	0	0.0
EL_TGFB3_g	I	12	0	0	0.0
EL_CUX1	I	13	0	0	0.0
EL_SRSF2	I	13	1	0	0.9900990099009901
EL_TET2a	I	13	1	0	0.9900990099009901
EL_TET2b	I	13	5	11	0.3123048094940662
EL_TGFB3_c	I	13	0	0	0.0
EL_TGFB3_g	I	13	0	0	0.0
EL_CUX1	I	14	0	0	0.0
EL_SRSF2	I	14	0	0	0.0
EL_TET2a	I	14	0	0	0.0
EL_TET2b	I	14	0	9	0.0
EL_TGFB3_c	I	14	0	0	0.0
EL_TGFB3_g	I	14	0	0	0.0
EL_CUX1	I	15	0	0	0.0
EL_SRSF2	I	15	0	1	0.0
EL_TET2a	I	15	0	1	0.0
EL_TET2b	I	15	0	9	0.0
EL_TGFB3_c	I	15	0	0	0.0
EL_TGFB3_g	I	15	0	0	0.0
EL_CUX1	I	16	0	0	0.0
EL_SRSF2	I	16	0	21	0.0
EL_TET2a	I	16	36	27	0.5713378828757341
EL_TET2b	I	16	44	101	0.30342734983794223
EL_TGFB3_c	I	16	0	0	0.0
EL_TGFB3_g	I	16	0	0	0.0
EL_CUX1	I	17	0	0	0.0
EL_SRSF2	I	17	4	7	0.36330608537693004
EL_TET2a	I	17	0	3	0.0
EL_TET2b	I	17	35	3	0.9208103130755065
EL_TGFB3_c	I	17	0	0	0.0
EL_TGFB3_g	I	17	0	0	0.0
EL_CUX1	I	18	0	0	0.0
EL_SRSF2	I	18	0	1	0.0
EL_TET2a	I	18	3	1	0.7481296758104738
EL_TET2b	I	18	0	2	0.0
EL_TGFB3_c	I	18	0	0	0.0
EL_TGFB3_g	I	18	0	0	0.0
EL_CUX1	I	19	0	0	0.0
EL_SRSF2	I	19	11	17	0.3927168868261335
EL_TET2a	I	19	4	88	0.043473535485273336
EL_TET2b	I	19	84	47	0.6411724295855279
EL_TGFB3_c	I	19	0	0	0.0
EL_TGFB3_g	I	19	0	1	0.0
EL_CUX1	I	2	0	0	0.0
EL_SRSF2	I	2	0	10	0.0
EL_TET2a	I	2	18	6	0.7496876301541024
EL_TET2b	I	2	18	104	0.1475288910745021
EL_TGFB3_c	I	2	0	0	0.0
EL_TGFB3_g	I	2	2	1	0.6644518272425249
EL_CUX1	I	20	0	0	0.0
EL_SRSF2	I	20	0	1	0.0
EL_TET2a	I	20	0	0	0.0
EL_TET2b	I	20	5	8	0.3843197540353574
EL_TGFB3_c	I	20	0	0	0.0
EL_TGFB3_g	I	20	0	0	0.0
EL_CUX1	I	21	0	0	0.0
EL_SRSF2	I	21	0	2	0.0
EL_TET2a	I	21	0	0	0.0
EL_TET2b	I	21	1	0	0.9900990099009901
EL_TGFB3_c	I	21	0	0	0.0
EL_TGFB3_g	I	21	0	3	0.0
EL_CUX1	I	22	0	0	0.0
EL_SRSF2	I	22	5	10	0.3331112591605596
EL_TET2a	I	22	27	32	0.45754956786985257
EL_TET2b	I	22	3	187	0.01578864270301563
EL_TGFB3_c	I	22	0	0	0.0
EL_TGFB3_g	I	22	0	0	0.0
EL_CUX1	I	23	0	0	0.0
EL_SRSF2	I	23	0	1	0.0
EL_TET2a	I	23	0	0	0.0
EL_TET2b	I	23	1	2	0.33222591362126247
EL_TGFB3_c	I	23	0	0	0.0
EL_TGFB3_g	I	23	0	1	0.0
EL_CUX1	I	24	0	0	0.0
EL_SRSF2	I	24	0	4	0.0
EL_TET2a	I	24	0	0	0.0
EL_TET2b	I	24	0	3	0.0
EL_TGFB3_c	I	24	0	0	0.0
EL_TGFB3_g	I	24	0	0	0.0
EL_CUX1	I	3	0	0	0.0
EL_SRSF2	I	3	6	13	0.31562335612835346
EL_TET2a	I	3	7	31	0.1841620626151013
EL_TET2b	I	3	42	102	0.2916464134435109
EL_TGFB3_c	I	3	0	0	0.0
EL_TGFB3_g	I	3	0	0	0.0
EL_CUX1	I	4	0	0	0.0
EL_SRSF2	I	4	18	4	0.8178100863243979
EL_TET2a	I	4	48	18	0.7271625511286168
EL_TET2b	I	4	1	11	0.08326394671107411
EL_TGFB3_c	I	4	0	0	0.0
EL_TGFB3_g	I	4	0	0	0.0
EL_CUX1	I	5	0	0	0.0
EL_SRSF2	I	5	0	0	0.0
EL_TET2a	I	5	0	12	0.0
EL_TET2b	I	5	17	1	0.9439200444197667
EL_TGFB3_c	I	5	0	0	0.0
EL_TGFB3_g	I	5	0	24	0.0
EL_CUX1	I	6	0	0	0.0
EL_SRSF2	I	6	0	8	0.0
EL_TET2a	I	6	5	2	0.7132667617689016
EL_TET2b	I	6	2	0	0.9950248756218907
EL_TGFB3_c	I	6	0	0	0.0
EL_TGFB3_g	I	6	0	0	0.0
EL_CUX1	I	7	0	0	0.0
EL_SRSF2	I	7	0	3	0.0
EL_TET2a	I	7	0	3	0.0
EL_TET2b	I	7	4	0	0.9975062344139651
EL_TGFB3_c	I	7	0	0	0.0
EL_TGFB3_g	I	7	0	0	0.0
EL_CUX1	I	8	0	0	0.0
EL_SRSF2	I	8	1	27	0.035701535166012134
EL_TET2a	I	8	0	21	0.0
EL_TET2b	I	8	19	2	0.9043312708234174
EL_TGFB3_c	I	8	0	0	0.0
EL_TGFB3_g	I	8	0	0	0.0
EL_CUX1	I	9	0	0	0.0
EL_SRSF2	I	9	0	24	0.0
EL_TET2a	I	9	0	1	0.0
EL_TET2b	I	9	0	3	0.0
EL_TGFB3_c	I	9	0	0	0.0
EL_TGFB3_g	I	9	0	0	0.0
EL_CUX1	J	1	0	0	0.0
EL_SRSF2	J	1	0	0	0.0
EL_TET2a	J	1	2	2	0.49875311720698257
EL_TET2b	J	1	1	0	0.9900990099009901
EL_TGFB3_c	J	1	0	0	0.0
EL_TGFB3_g	J	1	0	2	0.0
EL_CUX1	J	10	0	0	0.0
EL_SRSF2	J	10	0	0	0.0
EL_TET2a	J	10	1	5	0.1663893510815308
EL_TET2b	J	10	3	0	0.9966777408637875
EL_TGFB3_c	J	10	0	0	0.0
EL_TGFB3_g	J	10	0	0	0.0
EL_CUX1	J	11	0	0	0.0
EL_SRSF2	J	11	1	0	0.9900990099009901
EL_TET2a	J	11	0	6	0.0
EL_TET2b	J	11	30	2	0.9372071227741331
EL_TGFB3_c	J	11	0	0	0.0
EL_TGFB3_g	J	11	0	0	0.0
EL_CUX1	J	12	0	0	0.0
EL_SRSF2	J	12	0	6	0.0
EL_TET2a	J	12	6	4	0.5994005994005994
EL_TET2b	J	12	15	20	0.42844901456726653
EL_TGFB3_c	J	12	0	0	0.0
EL_TGFB3_g	J	12	0	0	0.0
EL_CUX1	J	13	0	0	0.0
EL_SRSF2	J	13	1	0	0.9900990099009901
EL_TET2a	J	13	1	2	0.33222591362126247
EL_TET2b	J	13	1	2	0.33222591362126247
EL_TGFB3_c	J	13	0	0	0.0
EL_TGFB3_g	J	13	0	0	0.0
EL_CUX1	J	14	0	0	0.0
EL_SRSF2	J	14	0	0	0.0
EL_TET2a	J	14	0	0	0.0
EL_TET2b	J	14	0	5	0.0
EL_TGFB3_c	J	14	0	0	0.0
EL_TGFB3_g	J	14	0	0	0.0
EL_CUX1	J	15	0	0	0.0
EL_SRSF2	J	15	0	0	0.0
EL_TET2a	J	15	0	0	0.0
EL_TET2b	J	15	0	8	0.0
EL_TGFB3_c	J	15	0	0	0.0
EL_TGFB3_g	J	15	1	0	0.9900990099009901
EL_CUX1	J	16	0	0	0.0
EL_SRSF2	J	16	0	19	0.0
EL_TET2a	J	16	27	14	0.6583760058522312
EL_TET2b	J	16	1	63	0.01562255897516013
EL_TGFB3_c	J	16	0	0	0.0
EL_TGFB3_g	J	16	0	0	0.0
EL_CUX1	J	17	0	0	0.0
EL_SRSF2	J	17	0	12	0.0
EL_TET2a	J	17	1	0	0.9900990099009901
EL_TET2b	J	17	0	0	0.0
EL_TGFB3_c	J	17	0	0	0.0
EL_TGFB3_g	J	17	0	0	0.0
EL_CUX1	J	18	0	0	0.0
EL_SRSF2	J	18	0	3	0.0
EL_TET2a	J	18	0	1	0.0
EL_TET2b	J	18	1	1	0.49751243781094534
EL_TGFB3_c	J	18	0	0	0.0
EL_TGFB3_g	J	18	0	0	0.0
EL_CUX1	J	19	0	0	0.0
EL_SRSF2	J	19	10	18	0.3570153516601214
EL_TET2a	J	19	1	73	0.01351168760978246
EL_TET2b	J	19	100	42	0.7041757622702627
EL_TGFB3_c	J	19	0	0	0.0
EL_TGFB3_g	J	19	0	0	0.0
EL_CUX1	J	2	0	0	0.0
EL_SRSF2	J	2	0	10	0.0
EL_TET2a	J	2	9	36	0.19995556542990447
EL_TET2b	J	2	13	95	0.12035922599759281
EL_TGFB3_c	J	2	0	0	0.0
EL_TGFB3_g	J	2	0	0	0.0
EL_CUX1	J	20	0	0	0.0
EL_SRSF2	J	20	0	4	0.0
EL_TET2a	J	20	0	1	0.0
EL_TET2b	J	20	2	3	0.3992015968063872
EL_TGFB3_c	J	20	0	0	0.0
EL_TGFB3_g	J	20	0	0	0.0
EL_CUX1	J	21	0	0	0.0
EL_SRSF2	J	21	0	5	0.0
EL_TET2a	J	21	0	0	0.0
EL_TET2b	J	21	0	0	0.0
EL_TGFB3_c	J	21	0	0	0.0
EL_TGFB3_g	J	21	0	7	0.0
EL_CUX1	J	22	0	0	0.0
EL_SRSF2	J	22	5	10	0.3331112591605596
EL_TET2a	J	22	33	29	0.5321722302854378
EL_TET2b	J	22	0	188	0.0
EL_TGFB3_c	J	22	0	0	0.0
EL_TGFB3_g	J	22	0	0	0.0
EL_CUX1	J	23	0	0	0.0
EL_SRSF2	J	23	0	2	0.0
EL_TET2a	J	23	0	1	0.0
EL_TET2b	J	23	0	0	0.0
EL_TGFB3_c	J	23	0	0	0.0
EL_TGFB3_g	J	23	0	0	0.0
EL_CUX1	J	24	0	0	0.0
EL_SRSF2	J	24	0	5	0.0
EL_TET2a	J	24	1	0	0.9900990099009901
EL_TET2b	J	24	1	1	0.49751243781094534
EL_TGFB3_c	J	24	0	0	0.0
EL_TGFB3_g	J	24	0	0	0.0
EL_CUX1	J	3	0	0	0.0
EL_SRSF2	J	3	3	11	0.21413276231263384
EL_TET2a	J	3	3	19	0.13630168105406631
EL_TET2b	J	3	20	62	0.24387269845140835
EL_TGFB3_c	J	3	0	0	0.0
EL_TGFB3_g	J	3	0	0	0.0
EL_CUX1	J	4	0	0	0.0
EL_SRSF2	J	4	5	9	0.35688793718772305
EL_TET2a	J	4	45	29	0.6080259424402107
EL_TET2b	J	4	0	6	0.0
EL_TGFB3_c	J	4	0	0	0.0
EL_TGFB3_g	J	4	0	0	0.0
EL_CUX1	J	5	0	0	0.0
EL_SRSF2	J	5	0	0	0.0
EL_TET2a	J	5	0	10	0.0
EL_TET2b	J	5	18	1	0.9468700683850604
EL_TGFB3_c	J	5	0	0	0.0
EL_TGFB3_g	J	5	0	36	0.0
EL_CUX1	J	6	0	0	0.0
EL_SRSF2	J	6	1	13	0.07137758743754462
EL_TET2a	J	6	9	5	0.6423982869379015
EL_TET2b	J	6	1	6	0.14265335235378032
EL_TGFB3_c	J	6	0	0	0.0
EL_TGFB3_g	J	6	0	0	0.0
EL_CUX1	J	7	0	0	0.0
EL_SRSF2	J	7	0	1	0.0
EL_TET2a	J	7	0	2	0.0
EL_TET2b	J	7	2	0	0.9950248756218907
EL_TGFB3_c	J	7	0	0	0.0
EL_TGFB3_g	J	7	0	1	0.0
EL_CUX1	J	8	0	0	0.0
EL_SRSF2	J	8	3	29	0.09372071227741331
EL_TET2a	J	8	3	28	0.09674298613350532
EL_TET2b	J	8	30	1	0.9674298613350532
EL_TGFB3_c	J	8	0	0	0.0
EL_TGFB3_g	J	8	1	5	0.1663893510815308
EL_CUX1	J	9	0	0	0.0
EL_SRSF2	J	9	3	16	0.15781167806417673
EL_TET2a	J	9	1	4	0.1996007984031936
EL_TET2b	J	9	0	6	0.0
EL_TGFB3_c	J	9	0	0	0.0
EL_TGFB3_g	J	9	0	3	0.0
EL_CUX1	K	1	0	0	0.0
EL_SRSF2	K	1	1	0	0.9900990099009901
EL_TET2a	K	1	5	4	0.5549389567147613
EL_TET2b	K	1	2	0	0.9950248756218907
EL_TGFB3_c	K	1	0	0	0.0
EL_TGFB3_g	K	1	0	3	0.0
EL_CUX1	K	10	0	0	0.0
EL_SRSF2	K	10	0	0	0.0
EL_TET2a	K	10	7	1	0.8739076154806492
EL_TET2b	K	10	0	0	0.0
EL_TGFB3_c	K	10	0	0	0.0
EL_TGFB3_g	K	10	0	0	0.0
EL_CUX1	K	11	0	0	0.0
EL_SRSF2	K	11	3	2	0.5988023952095809
EL_TET2a	K	11	0	13	0.0
EL_TET2b	K	11	35	6	0.853450377956596
EL_TGFB3_c	K	11	0	0	0.0
EL_TGFB3_g	K	11	0	2	0.0
EL_CUX1	K	12	0	0	0.0
EL_SRSF2	K	12	0	5	0.0
EL_TET2a	K	12	0	6	0.0
EL_TET2b	K	12	1	0	0.9900990099009901
EL_TGFB3_c	K	12	0	0	0.0
EL_TGFB3_g	K	12	0	0	0.0
EL_CUX1	K	13	0	0	0.0
EL_SRSF2	K	13	0	2	0.0
EL_TET2a	K	13	1	22	0.0434593654932638
EL_TET2b	K	13	7	1	0.8739076154806492
EL_TGFB3_c	K	13	0	0	0.0
EL_TGFB3_g	K	13	0	3	0.0
EL_CUX1	K	14	0	0	0.0
EL_SRSF2	K	14	0	0	0.0
EL_TET2a	K	14	0	0	0.0
EL_TET2b	K	14	1	3	0.24937655860349128
EL_TGFB3_c	K	14	0	0	0.0
EL_TGFB3_g	K	14	0	0	0.0
EL_CUX1	K	15	0	0	0.0
EL_SRSF2	K	15	0	0	0.0
EL_TET2a	K	15	4	1	0.7984031936127745
EL_TET2b	K	15	1	10	0.09082652134423251
EL_TGFB3_c	K	15	0	0	0.0
EL_TGFB3_g	K	15	2	0	0.9950248756218907
EL_CUX1	K	16	0	0	0.0
EL_SRSF2	K	16	0	24	0.0
EL_TET2a	K	16	29	19	0.6040408248281608
EL_TET2b	K	16	1	85	0.01162655505173817
EL_TGFB3_c	K	16	0	0	0.0
EL_TGFB3_g	K	16	0	4	0.0
EL_CUX1	K	17	0	0	0.0
EL_SRSF2	K	17	1	9	0.0999000999000999
EL_TET2a	K	17	0	0	0.0
EL_TET2b	K	17	1	1	0.49751243781094534
EL_TGFB3_c	K	17	0	0	0.0
EL_TGFB3_g	K	17	0	0	0.0
EL_CUX1	K	18	0	0	0.0
EL_SRSF2	K	18	0	2	0.0
EL_TET2a	K	18	2	0	0.9950248756218907
EL_TET2b	K	18	0	1	0.0
EL_TGFB3_c	K	18	0	0	0.0
EL_TGFB3_g	K	18	0	0	0.0
EL_CUX1	K	19	0	0	0.0
EL_SRSF2	K	19	21	12	0.6361708573159649
EL_TET2a	K	19	0	67	0.0
EL_TET2b	K	19	90	51	0.6382526061981421
EL_TGFB3_c	K	19	0	0	0.0
EL_TGFB3_g	K	19	0	2	0.0
EL_CUX1	K	2	0	0	0.0
EL_SRSF2	K	2	0	13	0.0
EL_TET2a	K	2	10	4	0.7137758743754461
EL_TET2b	K	2	11	60	0.1549077594704971
EL_TGFB3_c	K	2	0	0	0.0
EL_TGFB3_g	K	2	0	1	0.0
EL_CUX1	K	20	0	0	0.0
EL_SRSF2	K	20	0	1	0.0
EL_TET2a	K	20	0	1	0.0
EL_TET2b	K	20	1	0	0.9900990099009901
EL_TGFB3_c	K	20	0	0	0.0
EL_TGFB3_g	K	20	0	1	0.0
EL_CUX1	K	21	0	0	0.0
EL_SRSF2	K	21	0	2	0.0
EL_TET2a	K	21	0	0	0.0
EL_TET2b	K	21	1	0	0.9900990099009901
EL_TGFB3_c	K	21	0	0	0.0
EL_TGFB3_g	K	21	0	1	0.0
EL_CUX1	K	22	0	0	0.0
EL_SRSF2	K	22	9	13	0.40890504316219894
EL_TET2a	K	22	27	21	0.5623828369089773
EL_TET2b	K	22	0	164	0.0
EL_TGFB3_c	K	22	0	0	0.0
EL_TGFB3_g	K	22	0	4	0.0
EL_CUX1	K	23	0	0	0.0
EL_SRSF2	K	23	1	0	0.9900990099009901
EL_TET2a	K	23	0	1	0.0
EL_TET2b	K	23	1	0	0.9900990099009901
EL_TGFB3_c	K	23	0	0	0.0
EL_TGFB3_g	K	23	0	2	0.0
EL_CUX1	K	24	0	0	0.0
EL_SRSF2	K	24	0	5	0.0
EL_TET2a	K	24	0	0	0.0
EL_TET2b	K	24	0	2	0.0
EL_TGFB3_c	K	24	0	0	0.0
EL_TGFB3_g	K	24	0	1	0.0
EL_CUX1	K	3	0	0	0.0
EL_SRSF2	K	3	8	26	0.23522493384298737
EL_TET2a	K	3	2	37	0.051268905408869525
EL_TET2b	K	3	42	83	0.33597312215022795
EL_TGFB3_c	K	3	0	0	0.0
EL_TGFB3_g	K	3	0	1	0.0
EL_CUX1	K	4	0	0	0.0
EL_SRSF2	K	4	12	9	0.5711565920990004
EL_TET2a	K	4	51	12	0.8093953340739566
EL_TET2b	K	4	0	12	0.0
EL_TGFB3_c	K	4	0	0	0.0
EL_TGFB3_g	K	4	0	2	0.0
EL_CUX1	K	5	0	0	0.0
EL_SRSF2	K	5	0	0	0.0
EL_TET2a	K	5	0	21	0.0
EL_TET2b	K	5	22	20	0.5236848369435849
EL_TGFB3_c	K	5	0	0	0.0
EL_TGFB3_g	K	5	0	91	0.0
EL_CUX1	K	6	0	0	0.0
EL_SRSF2	K	6	0	5	0.0
EL_TET2a	K	6	1	1	0.49751243781094534
EL_TET2b	K	6	1	0	0.9900990099009901
EL_TGFB3_c	K	6	0	0	0.0
EL_TGFB3_g	K	6	0	3	0.0
EL_CUX1	K	7	0	0	0.0
EL_SRSF2	K	7	0	0	0.0
EL_TET2a	K	7	5	1	0.831946755407654
EL_TET2b	K	7	1	6	0.14265335235378032
EL_TGFB3_c	K	7	0	0	0.0
EL_TGFB3_g	K	7	0	0	0.0
EL_CUX1	K	8	0	0	0.0
EL_SRSF2	K	8	2	30	0.062480474851608875
EL_TET2a	K	8	0	5	0.0
EL_TET2b	K	8	1	3	0.24937655860349128
EL_TGFB3_c	K	8	0	0	0.0
EL_TGFB3_g	K	8	0	2	0.0
EL_CUX1	K	9	0	0	0.0
EL_SRSF2	K	9	0	23	0.0
EL_TET2a	K	9	2	1	0.6644518272425249
EL_TET2b	K	9	1	1	0.49751243781094534
EL_TGFB3_c	K	9	0	0	0.0
EL_TGFB3_g	K	9	0	3	0.0
EL_CUX1	L	1	0	0	0.0
EL_SRSF2	L	1	0	0	0.0
EL_TET2a	L	1	4	1	0.7984031936127745
EL_TET2b	L	1	0	0	0.0
EL_TGFB3_c	L	1	0	0	0.0
EL_TGFB3_g	L	1	0	4	0.0
EL_CUX1	L	10	0	0	0.0
EL_SRSF2	L	10	0	0	0.0
EL_TET2a	L	10	4	1	0.7984031936127745
EL_TET2b	L	10	2	1	0.6644518272425249
EL_TGFB3_c	L	10	0	0	0.0
EL_TGFB3_g	L	10	0	0	0.0
EL_CUX1	L	11	0	0	0.0
EL_SRSF2	L	11	1	1	0.49751243781094534
EL_TET2a	L	11	3	7	0.2997002997002997
EL_TET2b	L	11	24	8	0.7497656982193065
EL_TGFB3_c	L	11	0	0	0.0
EL_TGFB3_g	L	11	0	0	0.0
EL_CUX1	L	12	0	0	0.0
EL_SRSF2	L	12	0	3	0.0
EL_TET2a	L	12	0	26	0.0
EL_TET2b	L	12	46	0	0.99978265594436
EL_TGFB3_c	L	12	0	0	0.0
EL_TGFB3_g	L	12	0	0	0.0
EL_CUX1	L	13	0	0	0.0
EL_SRSF2	L	13	2	0	0.9950248756218907
EL_TET2a	L	13	30	3	0.9088155104513784
EL_TET2b	L	13	1	2	0.33222591362126247
EL_TGFB3_c	L	13	0	0	0.0
EL_TGFB3_g	L	13	0	0	0.0
EL_CUX1	L	14	0	0	0.0
EL_SRSF2	L	14	0	0	0.0
EL_TET2a	L	14	0	0	0.0
EL_TET2b	L	14	0	7	0.0
EL_TGFB3_c	L	14	0	0	0.0
EL_TGFB3_g	L	14	0	0	0.0
EL_CUX1	L	15	0	0	0.0
EL_SRSF2	L	15	0	0	0.0
EL_TET2a	L	15	1	1	0.49751243781094534
EL_TET2b	L	15	1	6	0.14265335235378032
EL_TGFB3_c	L	15	0	0	0.0
EL_TGFB3_g	L	15	1	0	0.9900990099009901
EL_CUX1	L	16	0	0	0.0
EL_SRSF2	L	16	0	11	0.0
EL_TET2a	L	16	24	18	0.5712925493930017
EL_TET2b	L	16	0	95	0.0
EL_TGFB3_c	L	16	0	0	0.0
EL_TGFB3_g	L	16	0	0	0.0
EL_CUX1	L	17	0	0	0.0
EL_SRSF2	L	17	0	13	0.0
EL_TET2a	L	17	0	1	0.0
EL_TET2b	L	17	1	2	0.33222591362126247
EL_TGFB3_c	L	17	0	0	0.0
EL_TGFB3_g	L	17	0	0	0.0
EL_CUX1	L	18	0	0	0.0
EL_SRSF2	L	18	0	1	0.0
EL_TET2a	L	18	0	1	0.0
EL_TET2b	L	18	0	0	0.0
EL_TGFB3_c	L	18	0	0	0.0
EL_TGFB3_g	L	18	0	0	0.0
EL_CUX1	L	19	0	0	0.0
EL_SRSF2	L	19	13	9	0.5906406179009541
EL_TET2a	L	19	1	70	0.01408252358822701
EL_TET2b	L	19	82	38	0.6832763936338638
EL_TGFB3_c	L	19	0	0	0.0
EL_TGFB3_g	L	19	0	0	0.0
EL_CUX1	L	2	0	0	0.0
EL_SRSF2	L	2	0	9	0.0
EL_TET2a	L	2	24	7	0.7739438890680426
EL_TET2b	L	2	17	81	0.17345168860320376
EL_TGFB3_c	L	2	0	0	0.0
EL_TGFB3_g	L	2	0	0	0.0
EL_CUX1	L	20	0	0	0.0
EL_SRSF2	L	20	0	0	0.0
EL_TET2a	L	20	0	1	0.0
EL_TET2b	L	20	1	2	0.33222591362126247
EL_TGFB3_c	L	20	0	0	0.0
EL_TGFB3_g	L	20	0	0	0.0
EL_CUX1	L	21	0	0	0.0
EL_SRSF2	L	21	0	2	0.0
EL_TET2a	L	21	0	0	0.0
EL_TET2b	L	21	0	0	0.0
EL_TGFB3_c	L	21	0	0	0.0
EL_TGFB3_g	L	21	0	4	0.0
EL_CUX1	L	22	0	0	0.0
EL_SRSF2	L	22	5	11	0.3123048094940662
EL_TET2a	L	22	24	30	0.4443621551564525
EL_TET2b	L	22	2	190	0.01041612416019999
EL_TGFB3_c	L	22	0	0	0.0
EL_TGFB3_g	L	22	1	0	0.9900990099009901
EL_CUX1	L	23	0	0	0.0
EL_SRSF2	L	23	0	0	0.0
EL_TET2a	L	23	0	0	0.0
EL_TET2b	L	23	1	1	0.49751243781094534
EL_TGFB3_c	L	23	0	0	0.0
EL_TGFB3_g	L	23	2	0	0.9950248756218907
EL_CUX1	L	24	0	0	0.0
EL_SRSF2	L	24	1	3	0.24937655860349128
EL_TET2a	L	24	0	0	0.0
EL_TET2b	L	24	0	2	0.0
EL_TGFB3_c	L	24	0	0	0.0
EL_TGFB3_g	L	24	0	0	0.0
EL_CUX1	L	3	0	0	0.0
EL_SRSF2	L	3	3	16	0.15781167806417673
EL_TET2a	L	3	16	43	0.27114048466361634
EL_TET2b	L	3	42	103	0.2896351975725812
EL_TGFB3_c	L	3	0	0	0.0
EL_TGFB3_g	L	3	0	0	0.0
EL_CUX1	L	4	0	0	0.0
EL_SRSF2	L	4	8	5	0.6149116064565718
EL_TET2a	L	4	35	7	0.8331349678647941
EL_TET2b	L	4	1	3	0.24937655860349128
EL_TGFB3_c	L	4	0	0	0.0
EL_TGFB3_g	L	4	0	0	0.0
EL_CUX1	L	5	0	0	0.0
EL_SRSF2	L	5	0	1	0.0
EL_TET2a	L	5	0	10	0.0
EL_TET2b	L	5	18	1	0.9468700683850604
EL_TGFB3_c	L	5	0	1	0.0
EL_TGFB3_g	L	5	0	22	0.0
EL_CUX1	L	6	0	0	0.0
EL_SRSF2	L	6	0	6	0.0
EL_TET2a	L	6	5	6	0.45413260672116257
EL_TET2b	L	6	8	23	0.2579812963560142
EL_TGFB3_c	L	6	0	0	0.0
EL_TGFB3_g	L	6	0	0	0.0
EL_CUX1	L	7	0	0	0.0
EL_SRSF2	L	7	1	0	0.9900990099009901
EL_TET2a	L	7	0	3	0.0
EL_TET2b	L	7	4	2	0.6655574043261232
EL_TGFB3_c	L	7	0	0	0.0
EL_TGFB3_g	L	7	0	0	0.0
EL_CUX1	L	8	0	0	0.0
EL_SRSF2	L	8	1	18	0.052603892688058915
EL_TET2a	L	8	1	4	0.1996007984031936
EL_TET2b	L	8	0	9	0.0
EL_TGFB3_c	L	8	0	0	0.0
EL_TGFB3_g	L	8	0	0	0.0
EL_CUX1	L	9	0	0	0.0
EL_SRSF2	L	9	0	19	0.0
EL_TET2a	L	9	1	1	0.49751243781094534
EL_TET2b	L	9	1	1	0.49751243781094534
EL_TGFB3_c	L	9	0	0	0.0
EL_TGFB3_g	L	9	0	0	0.0
EL_CUX1	M	1	0	0	0.0
EL_SRSF2	M	1	0	0	0.0
EL_TET2a	M	1	1	2	0.33222591362126247
EL_TET2b	M	1	0	1	0.0
EL_TGFB3_c	M	1	0	0	0.0
EL_TGFB3_g	M	1	0	8	0.0
EL_CUX1	M	10	0	0	0.0
EL_SRSF2	M	10	0	0	0.0
EL_TET2a	M	10	8	1	0.8879023307436182
EL_TET2b	M	10	0	1	0.0
EL_TGFB3_c	M	10	0	0	0.0
EL_TGFB3_g	M	10	0	0	0.0
EL_CUX1	M	11	0	0	0.0
EL_SRSF2	M	11	1	0	0.9900990099009901
EL_TET2a	M	11	2	11	0.15372790161414296
EL_TET2b	M	11	34	6	0.8497875531117222
EL_TGFB3_c	M	11	0	0	0.0
EL_TGFB3_g	M	11	0	1	0.0
EL_CUX1	M	12	0	0	0.0
EL_SRSF2	M	12	0	5	0.0
EL_TET2a	M	12	0	2	0.0
EL_TET2b	M	12	4	0	0.9975062344139651
EL_TGFB3_c	M	12	0	0	0.0
EL_TGFB3_g	M	12	0	0	0.0
EL_CUX1	M	13	0	0	0.0
EL_SRSF2	M	13	1	0	0.9900990099009901
EL_TET2a	M	13	0	5	0.0
EL_TET2b	M	13	1	2	0.33222591362126247
EL_TGFB3_c	M	13	0	0	0.0
EL_TGFB3_g	M	13	0	0	0.0
EL_CUX1	M	14	0	0	0.0
EL_SRSF2	M	14	0	0	0.0
EL_TET2a	M	14	0	0	0.0
EL_TET2b	M	14	0	7	0.0
EL_TGFB3_c	M	14	0	0	0.0
EL_TGFB3_g	M	14	0	0	0.0
EL_CUX1	M	15	0	0	0.0
EL_SRSF2	M	15	0	0	0.0
EL_TET2a	M	15	0	0	0.0
EL_TET2b	M	15	0	9	0.0
EL_TGFB3_c	M	15	0	0	0.0
EL_TGFB3_g	M	15	2	0	0.9950248756218907
EL_CUX1	M	16	0	0	0.0
EL_SRSF2	M	16	0	20	0.0
EL_TET2a	M	16	30	27	0.5262234695667427
EL_TET2b	M	16	6	73	0.07593975446146058
EL_TGFB3_c	M	16	0	0	0.0
EL_TGFB3_g	M	16	0	0	0.0
EL_CUX1	M	17	0	0	0.0
EL_SRSF2	M	17	0	6	0.0
EL_TET2a	M	17	0	0	0.0
EL_TET2b	M	17	1	0	0.9900990099009901
EL_TGFB3_c	M	17	0	0	0.0
EL_TGFB3_g	M	17	0	1	0.0
EL_CUX1	M	18	0	0	0.0
EL_SRSF2	M	18	0	3	0.0
EL_TET2a	M	18	3	0	0.9966777408637875
EL_TET2b	M	18	1	1	0.49751243781094534
EL_TGFB3_c	M	18	0	0	0.0
EL_TGFB3_g	M	18	0	0	0.0
EL_CUX1	M	19	0	0	0.0
EL_SRSF2	M	19	5	15	0.2498750624687656
EL_TET2a	M	19	2	65	0.029846291598268914
EL_TET2b	M	19	81	30	0.7296639942347536
EL_TGFB3_c	M	19	0	0	0.0
EL_TGFB3_g	M	19	0	0	0.0
EL_CUX1	M	2	0	0	0.0
EL_SRSF2	M	2	0	10	0.0
EL_TET2a	M	2	8	9	0.47031158142269247
EL_TET2b	M	2	7	65	0.0972087210109707
EL_TGFB3_c	M	2	0	0	0.0
EL_TGFB3_g	M	2	0	0	0.0
EL_CUX1	M	20	0	0	0.0
EL_SRSF2	M	20	0	0	0.0
EL_TET2a	M	20	0	1	0.0
EL_TET2b	M	20	0	2	0.0
EL_TGFB3_c	M	20	0	0	0.0
EL_TGFB3_g	M	20	0	0	0.0
EL_CUX1	M	21	0	0	0.0
EL_SRSF2	M	21	0	3	0.0
EL_TET2a	M	21	0	0	0.0
EL_TET2b	M	21	0	1	0.0
EL_TGFB3_c	M	21	0	0	0.0
EL_TGFB3_g	M	21	0	1	0.0
EL_CUX1	M	22	0	0	0.0
EL_SRSF2	M	22	6	12	0.3331482509716824
EL_TET2a	M	22	35	31	0.5302226935312832
EL_TET2b	M	22	1	169	0.00588200694076819
EL_TGFB3_c	M	22	0	0	0.0
EL_TGFB3_g	M	22	0	0	0.0
EL_CUX1	M	23	0	0	0.0
EL_SRSF2	M	23	0	0	0.0
EL_TET2a	M	23	1	0	0.9900990099009901
EL_TET2b	M	23	0	0	0.0
EL_TGFB3_c	M	23	0	0	0.0
EL_TGFB3_g	M	23	0	0	0.0
EL_CUX1	M	24	0	0	0.0
EL_SRSF2	M	24	0	3	0.0
EL_TET2a	M	24	2	0	0.9950248756218907
EL_TET2b	M	24	1	2	0.33222591362126247
EL_TGFB3_c	M	24	0	0	0.0
EL_TGFB3_g	M	24	0	0	0.0
EL_CUX1	M	3	0	0	0.0
EL_SRSF2	M	3	10	22	0.3124023742580444
EL_TET2a	M	3	3	32	0.08568980291345331
EL_TET2b	M	3	35	87	0.28686173264486514
EL_TGFB3_c	M	3	0	0	0.0
EL_TGFB3_g	M	3	0	0	0.0
EL_CUX1	M	4	0	0	0.0
EL_SRSF2	M	4	6	4	0.5994005994005994
EL_TET2a	M	4	67	14	0.8270583878533514
EL_TET2b	M	4	0	9	0.0
EL_TGFB3_c	M	4	0	0	0.0
EL_TGFB3_g	M	4	0	0	0.0
EL_CUX1	M	5	0	0	0.0
EL_SRSF2	M	5	0	0	0.0
EL_TET2a	M	5	0	12	0.0
EL_TET2b	M	5	19	1	0.9495252373813092
EL_TGFB3_c	M	5	0	0	0.0
EL_TGFB3_g	M	5	0	36	0.0
EL_CUX1	M	6	0	0	0.0
EL_SRSF2	M	6	1	11	0.08326394671107411
EL_TET2a	M	6	10	7	0.5878894767783656
EL_TET2b	M	6	0	13	0.0
EL_TGFB3_c	M	6	0	0	0.0
EL_TGFB3_g	M	6	0	0	0.0
EL_CUX1	M	7	0	0	0.0
EL_SRSF2	M	7	1	0	0.9900990099009901
EL_TET2a	M	7	0	6	0.0
EL_TET2b	M	7	6	1	0.8559201141226819
EL_TGFB3_c	M	7	0	0	0.0
EL_TGFB3_g	M	7	0	0	0.0
EL_CUX1	M	8	0	0	0.0
EL_SRSF2	M	8	0	22	0.0
EL_TET2a	M	8	2	2	0.49875311720698257
EL_TET2b	M	8	0	4	0.0
EL_TGFB3_c	M	8	0	0	0.0
EL_TGFB3_g	M	8	0	0	0.0
EL_CUX1	M	9	0	0	0.0
EL_SRSF2	M	9	1	15	0.062460961898813235
EL_TET2a	M	9	1	0	0.9900990099009901
EL_TET2b	M	9	2	1	0.6644518272425249
EL_TGFB3_c	M	9	0	0	0.0
EL_TGFB3_g	M	9	0	2	0.0
EL_CUX1	N	1	0	0	0.0
EL_SRSF2	N	1	0	1	0.0
EL_TET2a	N	1	2	1	0.6644518272425249
EL_TET2b	N	1	0	0	0.0
EL_TGFB3_c	N	1	0	0	0.0
EL_TGFB3_g	N	1	0	2	0.0
EL_CUX1	N	10	0	0	0.0
EL_SRSF2	N	10	0	0	0.0
EL_TET2a	N	10	4	1	0.7984031936127745
EL_TET2b	N	10	0	0	0.0
EL_TGFB3_c	N	10	0	0	0.0
EL_TGFB3_g	N	10	0	0	0.0
EL_CUX1	N	11	0	0	0.0
EL_SRSF2	N	11	0	1	0.0
EL_TET2a	N	11	1	10	0.09082652134423251
EL_TET2b	N	11	38	4	0.9045465365389194
EL_TGFB3_c	N	11	0	0	0.0
EL_TGFB3_g	N	11	0	1	0.0
EL_CUX1	N	12	0	0	0.0
EL_SRSF2	N	12	0	5	0.0
EL_TET2a	N	12	0	0	0.0
EL_TET2b	N	12	14	3	0.8230452674897119
EL_TGFB3_c	N	12	0	0	0.0
EL_TGFB3_g	N	12	0	0	0.0
EL_CUX1	N	13	0	0	0.0
EL_SRSF2	N	13	0	0	0.0
EL_TET2a	N	13	5	0	0.9980039920159681
EL_TET2b	N	13	2	2	0.49875311720698257
EL_TGFB3_c	N	13	0	0	0.0
EL_TGFB3_g	N	13	0	0	0.0
EL_CUX1	N	14	0	0	0.0
EL_SRSF2	N	14	0	0	0.0
EL_TET2a	N	14	0	0	0.0
EL_TET2b	N	14	0	6	0.0
EL_TGFB3_c	N	14	0	0	0.0
EL_TGFB3_g	N	14	0	0	0.0
EL_CUX1	N	15	0	0	0.0
EL_SRSF2	N	15	0	0	0.0
EL_TET2a	N	15	0	0	0.0
EL_TET2b	N	15	0	4	0.0
EL_TGFB3_c	N	15	0	0	0.0
EL_TGFB3_g	N	15	2	0	0.9950248756218907
EL_CUX1	N	16	0	0	0.0
EL_SRSF2	N	16	0	24	0.0
EL_TET2a	N	16	23	23	0.49989132797218
EL_TET2b	N	16	0	45	0.0
EL_TGFB3_c	N	16	0	0	0.0
EL_TGFB3_g	N	16	0	0	0.0
EL_CUX1	N	17	0	0	0.0
EL_SRSF2	N	17	0	2	0.0
EL_TET2a	N	17	3	0	0.9966777408637875
EL_TET2b	N	17	3	0	0.9966777408637875
EL_TGFB3_c	N	17	0	0	0.0
EL_TGFB3_g	N	17	0	0	0.0
EL_CUX1	N	18	0	0	0.0
EL_SRSF2	N	18	0	4	0.0
EL_TET2a	N	18	3	1	0.7481296758104738
EL_TET2b	N	18	1	0	0.9900990099009901
EL_TGFB3_c	N	18	0	0	0.0
EL_TGFB3_g	N	18	0	0	0.0
EL_CUX1	N	19	0	0	0.0
EL_SRSF2	N	19	5	27	0.1562011871290222
EL_TET2a	N	19	2	75	0.02597065316192702
EL_TET2b	N	19	78	42	0.6499458378468461
EL_TGFB3_c	N	19	0	0	0.0
EL_TGFB3_g	N	19	0	0	0.0
EL_CUX1	N	2	0	0	0.0
EL_SRSF2	N	2	0	18	0.0
EL_TET2a	N	2	17	37	0.31475652656915387
EL_TET2b	N	2	25	91	0.21549866390828376
EL_TGFB3_c	N	2	0	0	0.0
EL_TGFB3_g	N	2	0	1	0.0
EL_CUX1	N	20	0	0	0.0
EL_SRSF2	N	20	0	2	0.0
EL_TET2a	N	20	0	0	0.0
EL_TET2b	N	20	5	2	0.7132667617689016
EL_TGFB3_c	N	20	0	0	0.0
EL_TGFB3_g	N	20	0	1	0.0
EL_CUX1	N	21	0	0	0.0
EL_SRSF2	N	21	0	1	0.0
EL_TET2a	N	21	0	0	0.0
EL_TET2b	N	21	2	0	0.9950248756218907
EL_TGFB3_c	N	21	0	0	0.0
EL_TGFB3_g	N	21	0	1	0.0
EL_CUX1	N	22	0	0	0.0
EL_SRSF2	N	22	10	17	0.3702332469455757
EL_TET2a	N	22	22	31	0.415016034710432
EL_TET2b	N	22	1	193	0.005154373485902789
EL_TGFB3_c	N	22	0	0	0.0
EL_TGFB3_g	N	22	0	0	0.0
EL_CUX1	N	23	0	0	0.0
EL_SRSF2	N	23	0	1	0.0
EL_TET2a	N	23	0	0	0.0
EL_TET2b	N	23	1	1	0.49751243781094534
EL_TGFB3_c	N	23	0	0	0.0
EL_TGFB3_g	N	23	0	0	0.0
EL_CUX1	N	24	0	0	0.0
EL_SRSF2	N	24	0	6	0.0
EL_TET2a	N	24	1	2	0.33222591362126247
EL_TET2b	N	24	0	0	0.0
EL_TGFB3_c	N	24	0	0	0.0
EL_TGFB3_g	N	24	0	0	0.0
EL_CUX1	N	3	0	0	0.0
EL_SRSF2	N	3	13	51	0.2030932666770817
EL_TET2a	N	3	6	34	0.14996250937265684
EL_TET2b	N	3	42	101	0.2936857562408223
EL_TGFB3_c	N	3	0	0	0.0
EL_TGFB3_g	N	3	0	0	0.0
EL_CUX1	N	4	0	0	0.0
EL_SRSF2	N	4	7	10	0.4115226337448559
EL_TET2a	N	4	50	7	0.8770391159445712
EL_TET2b	N	4	1	13	0.07137758743754462
EL_TGFB3_c	N	4	0	0	0.0
EL_TGFB3_g	N	4	0	0	0.0
EL_CUX1	N	5	0	0	0.0
EL_SRSF2	N	5	0	0	0.0
EL_TET2a	N	5	0	15	0.0
EL_TET2b	N	5	21	10	0.6772009029345372
EL_TGFB3_c	N	5	0	0	0.0
EL_TGFB3_g	N	5	0	25	0.0
EL_CUX1	N	6	0	0	0.0
EL_SRSF2	N	6	0	5	0.0
EL_TET2a	N	6	1	3	0.24937655860349128
EL_TET2b	N	6	0	0	0.0
EL_TGFB3_c	N	6	0	0	0.0
EL_TGFB3_g	N	6	0	0	0.0
EL_CUX1	N	7	0	0	0.0
EL_SRSF2	N	7	0	1	0.0
EL_TET2a	N	7	0	0	0.0
EL_TET2b	N	7	22	0	0.999545661063153
EL_TGFB3_c	N	7	0	0	0.0
EL_TGFB3_g	N	7	0	0	0.0
EL_CUX1	N	8	0	0	0.0
EL_SRSF2	N	8	2	29	0.06449532408900355
EL_TET2a	N	8	4	0	0.9975062344139651
EL_TET2b	N	8	0	1	0.0
EL_TGFB3_c	N	8	0	0	0.0
EL_TGFB3_g	N	8	0	0	0.0
EL_CUX1	N	9	0	0	0.0
EL_SRSF2	N	9	0	20	0.0
EL_TET2a	N	9	1	2	0.33222591362126247
EL_TET2b	N	9	1	2	0.33222591362126247
EL_TGFB3_c	N	9	0	0	0.0
EL_TGFB3_g	N	9	0	0	0.0
EL_CUX1	O	1	0	0	0.0
EL_SRSF2	O	1	0	0	0.0
EL_TET2a	O	1	1	1	0.49751243781094534
EL_TET2b	O	1	0	0	0.0
EL_TGFB3_c	O	1	0	0	0.0
EL_TGFB3_g	O	1	0	1	0.0
EL_CUX1	O	10	0	0	0.0
EL_SRSF2	O	10	0	0	0.0
EL_TET2a	O	10	4	1	0.7984031936127745
EL_TET2b	O	10	0	0	0.0
EL_TGFB3_c	O	10	0	0	0.0
EL_TGFB3_g	O	10	1	0	0.9900990099009901
EL_CUX1	O	11	0	0	0.0
EL_SRSF2	O	11	1	4	0.1996007984031936
EL_TET2a	O	11	0	11	0.0
EL_TET2b	O	11	40	3	0.9300162752848176
EL_TGFB3_c	O	11	0	0	0.0
EL_TGFB3_g	O	11	0	1	0.0
EL_CUX1	O	12	0	0	0.0
EL_SRSF2	O	12	0	7	0.0
EL_TET2a	O	12	1	3	0.24937655860349128
EL_TET2b	O	12	3	0	0.9966777408637875
EL_TGFB3_c	O	12	0	0	0.0
EL_TGFB3_g	O	12	0	2	0.0
EL_CUX1	O	13	0	0	0.0
EL_SRSF2	O	13	0	0	0.0
EL_TET2a	O	13	0	0	0.0
EL_TET2b	O	13	2	1	0.6644518272425249
EL_TGFB3_c	O	13	0	0	0.0
EL_TGFB3_g	O	13	0	0	0.0
EL_CUX1	O	14	0	0	0.0
EL_SRSF2	O	14	0	0	0.0
EL_TET2a	O	14	0	0	0.0
EL_TET2b	O	14	0	4	0.0
EL_TGFB3_c	O	14	0	0	0.0
EL_TGFB3_g	O	14	0	0	0.0
EL_CUX1	O	15	0	0	0.0
EL_SRSF2	O	15	0	0	0.0
EL_TET2a	O	15	1	0	0.9900990099009901
EL_TET2b	O	15	0	14	0.0
EL_TGFB3_c	O	15	0	0	0.0
EL_TGFB3_g	O	15	0	0	0.0
EL_CUX1	O	16	0	0	0.0
EL_SRSF2	O	16	0	22	0.0
EL_TET2a	O	16	26	15	0.6339917093391856
EL_TET2b	O	16	0	80	0.0
EL_TGFB3_c	O	16	0	0	0.0
EL_TGFB3_g	O	16	0	0	0.0
EL_CUX1	O	17	0	0	0.0
EL_SRSF2	O	17	0	14	0.0
EL_TET2a	O	17	0	0	0.0
EL_TET2b	O	17	1	1	0.49751243781094534
EL_TGFB3_c	O	17	0	0	0.0
EL_TGFB3_g	O	17	0	0	0.0
EL_CUX1	O	18	0	0	0.0
EL_SRSF2	O	18	0	0	0.0
EL_TET2a	O	18	1	0	0.9900990099009901
EL_TET2b	O	18	0	0	0.0
EL_TGFB3_c	O	18	0	0	0.0
EL_TGFB3_g	O	18	0	0	0.0
EL_CUX1	O	19	0	0	0.0
EL_SRSF2	O	19	9	10	0.4734350341925302
EL_TET2a	O	19	0	51	0.0
EL_TET2b	O	19	40	24	0.6249023590064052
EL_TGFB3_c	O	19	0	0	0.0
EL_TGFB3_g	O	19	0	0	0.0
EL_CUX1	O	2	0	0	0.0
EL_SRSF2	O	2	0	13	0.0
EL_TET2a	O	2	14	3	0.8230452674897119
EL_TET2b	O	2	10	85	0.10525207872855488
EL_TGFB3_c	O	2	0	0	0.0
EL_TGFB3_g	O	2	0	0	0.0
EL_CUX1	O	20	0	0	0.0
EL_SRSF2	O	20	0	0	0.0
EL_TET2a	O	20	0	0	0.0
EL_TET2b	O	20	1	3	0.24937655860349128
EL_TGFB3_c	O	20	0	1	0.0
EL_TGFB3_g	O	20	0	0	0.0
EL_CUX1	O	21	0	0	0.0
EL_SRSF2	O	21	0	2	0.0
EL_TET2a	O	21	0	0	0.0
EL_TET2b	O	21	0	1	0.0
EL_TGFB3_c	O	21	0	0	0.0
EL_TGFB3_g	O	21	0	4	0.0
EL_CUX1	O	22	0	0	0.0
EL_SRSF2	O	22	6	10	0.3747657713928794
EL_TET2a	O	22	23	24	0.4892576047649437
EL_TET2b	O	22	0	199	0.0
EL_TGFB3_c	O	22	0	0	0.0
EL_TGFB3_g	O	22	1	0	0.9900990099009901
EL_CUX1	O	23	0	0	0.0
EL_SRSF2	O	23	2	0	0.9950248756218907
EL_TET2a	O	23	0	2	0.0
EL_TET2b	O	23	1	0	0.9900990099009901
EL_TGFB3_c	O	23	0	0	0.0
EL_TGFB3_g	O	23	0	0	0.0
EL_CUX1	O	24	0	0	0.0
EL_SRSF2	O	24	0	5	0.0
EL_TET2a	O	24	0	0	0.0
EL_TET2b	O	24	0	2	0.0
EL_TGFB3_c	O	24	0	0	0.0
EL_TGFB3_g	O	24	0	0	0.0
EL_CUX1	O	3	0	0	0.0
EL_SRSF2	O	3	6	24	0.19993335554815062
EL_TET2a	O	3	0	32	0.0
EL_TET2b	O	3	36	108	0.2499826400944379
EL_TGFB3_c	O	3	0	0	0.0
EL_TGFB3_g	O	3	0	0	0.0
EL_CUX1	O	4	0	0	0.0
EL_SRSF2	O	4	5	9	0.35688793718772305
EL_TET2a	O	4	52	11	0.8252658308205048
EL_TET2b	O	4	2	11	0.15372790161414296
EL_TGFB3_c	O	4	0	0	0.0
EL_TGFB3_g	O	4	0	0	0.0
EL_CUX1	O	5	0	0	0.0
EL_SRSF2	O	5	0	0	0.0
EL_TET2a	O	5	0	17	0.0
EL_TET2b	O	5	14	1	0.9327115256495669
EL_TGFB3_c	O	5	0	3	0.0
EL_TGFB3_g	O	5	0	31	0.0
EL_CUX1	O	6	0	0	0.0
EL_SRSF2	O	6	1	5	0.1663893510815308
EL_TET2a	O	6	1	1	0.49751243781094534
EL_TET2b	O	6	1	0	0.9900990099009901
EL_TGFB3_c	O	6	0	0	0.0
EL_TGFB3_g	O	6	0	0	0.0
EL_CUX1	O	7	0	0	0.0
EL_SRSF2	O	7	0	0	0.0
EL_TET2a	O	7	0	1	0.0
EL_TET2b	O	7	0	0	0.0
EL_TGFB3_c	O	7	0	0	0.0
EL_TGFB3_g	O	7	0	0	0.0
EL_CUX1	O	8	0	0	0.0
EL_SRSF2	O	8	0	15	0.0
EL_TET2a	O	8	0	6	0.0
EL_TET2b	O	8	0	0	0.0
EL_TGFB3_c	O	8	0	0	0.0
EL_TGFB3_g	O	8	0	0	0.0
EL_CUX1	O	9	0	0	0.0
EL_SRSF2	O	9	0	13	0.0
EL_TET2a	O	9	0	0	0.0
EL_TET2b	O	9	1	1	0.49751243781094534
EL_TGFB3_c	O	9	0	0	0.0
EL_TGFB3_g	O	9	0	0	0.0
EL_CUX1	P	1	0	0	0.0
EL_SRSF2	P	1	0	0	0.0
EL_TET2a	P	1	5	3	0.6242197253433208
EL_TET2b	P	1	1	1	0.49751243781094534
EL_TGFB3_c	P	1	0	0	0.0
EL_TGFB3_g	P	1	0	4	0.0
EL_CUX1	P	10	0	0	0.0
EL_SRSF2	P	10	0	0	0.0
EL_TET2a	P	10	4	1	0.7984031936127745
EL_TET2b	P	10	1	1	0.49751243781094534
EL_TGFB3_c	P	10	0	0	0.0
EL_TGFB3_g	P	10	0	0	0.0
EL_CUX1	P	11	0	0	0.0
EL_SRSF2	P	11	0	1	0.0
EL_TET2a	P	11	0	9	0.0
EL_TET2b	P	11	30	3	0.9088155104513784
EL_TGFB3_c	P	11	0	0	0.0
EL_TGFB3_g	P	11	0	2	0.0
EL_CUX1	P	12	0	0	0.0
EL_SRSF2	P	12	0	4	0.0
EL_TET2a	P	12	0	1	0.0
EL_TET2b	P	12	3	2	0.5988023952095809
EL_TGFB3_c	P	12	0	0	0.0
EL_TGFB3_g	P	12	0	0	0.0
EL_CUX1	P	13	0	0	0.0
EL_SRSF2	P	13	0	1	0.0
EL_TET2a	P	13	3	1	0.7481296758104738
EL_TET2b	P	13	0	3	0.0
EL_TGFB3_c	P	13	0	0	0.0
EL_TGFB3_g	P	13	0	0	0.0
EL_CUX1	P	14	0	0	0.0
EL_SRSF2	P	14	0	0	0.0
EL_TET2a	P	14	0	1	0.0
EL_TET2b	P	14	0	5	0.0
EL_TGFB3_c	P	14	0	0	0.0
EL_TGFB3_g	P	14	0	0	0.0
EL_CUX1	P	15	0	0	0.0
EL_SRSF2	P	15	0	0	0.0
EL_TET2a	P	15	0	0	0.0
EL_TET2b	P	15	0	8	0.0
EL_TGFB3_c	P	15	0	0	0.0
EL_TGFB3_g	P	15	1	0	0.9900990099009901
EL_CUX1	P	16	0	0	0.0
EL_SRSF2	P	16	0	16	0.0
EL_TET2a	P	16	33	24	0.5788458165234169
EL_TET2b	P	16	1	85	0.01162655505173817
EL_TGFB3_c	P	16	0	0	0.0
EL_TGFB3_g	P	16	0	0	0.0
EL_CUX1	P	17	0	0	0.0
EL_SRSF2	P	17	0	14	0.0
EL_TET2a	P	17	0	0	0.0
EL_TET2b	P	17	3	2	0.5988023952095809
EL_TGFB3_c	P	17	0	0	0.0
EL_TGFB3_g	P	17	1	0	0.9900990099009901
EL_CUX1	P	18	0	0	0.0
EL_SRSF2	P	18	0	1	0.0
EL_TET2a	P	18	1	0	0.9900990099009901
EL_TET2b	P	18	1	0	0.9900990099009901
EL_TGFB3_c	P	18	0	0	0.0
EL_TGFB3_g	P	18	0	0	0.0
EL_CUX1	P	19	0	0	0.0
EL_SRSF2	P	19	10	9	0.5260389268805892
EL_TET2a	P	19	1	84	0.011763321962122103
EL_TET2b	P	19	83	35	0.7033302262520125
EL_TGFB3_c	P	19	0	0	0.0
EL_TGFB3_g	P	19	0	0	0.0
EL_CUX1	P	2	0	0	0.0
EL_SRSF2	P	2	0	23	0.0
EL_TET2a	P	2	20	10	0.6664445184938353
EL_TET2b	P	2	11	75	0.12789210556911987
EL_TGFB3_c	P	2	0	0	0.0
EL_TGFB3_g	P	2	0	0	0.0
EL_CUX1	P	20	0	0	0.0
EL_SRSF2	P	20	4	0	0.9975062344139651
EL_TET2a	P	20	0	12	0.0
EL_TET2b	P	20	54	75	0.41857220370513915
EL_TGFB3_c	P	20	0	0	0.0
EL_TGFB3_g	P	20	0	0	0.0
EL_CUX1	P	21	0	0	0.0
EL_SRSF2	P	21	0	0	0.0
EL_TET2a	P	21	2	1	0.6644518272425249
EL_TET2b	P	21	7	22	0.24129610479145122
EL_TGFB3_c	P	21	0	0	0.0
EL_TGFB3_g	P	21	4	4	0.4993757802746567
EL_CUX1	P	22	0	0	0.0
EL_SRSF2	P	22	5	8	0.3843197540353574
EL_TET2a	P	22	37	40	0.48045708349564986
EL_TET2b	P	22	26	214	0.10832881963251531
EL_TGFB3_c	P	22	0	0	0.0
EL_TGFB3_g	P	22	2	3	0.3992015968063872
EL_CUX1	P	23	0	0	0.0
EL_SRSF2	P	23	0	0	0.0
EL_TET2a	P	23	0	1	0.0
EL_TET2b	P	23	4	7	0.36330608537693004
EL_TGFB3_c	P	23	0	0	0.0
EL_TGFB3_g	P	23	2	4	0.3327787021630616
EL_CUX1	P	24	0	0	0.0
EL_SRSF2	P	24	0	6	0.0
EL_TET2a	P	24	12	1	0.9223674096848579
EL_TET2b	P	24	4	21	0.15993602558976408
EL_TGFB3_c	P	24	0	0	0.0
EL_TGFB3_g	P	24	0	0	0.0
EL_CUX1	P	3	0	0	0.0
EL_SRSF2	P	3	2	10	0.16652789342214822
EL_TET2a	P	3	2	31	0.06058770069675856
EL_TET2b	P	3	19	53	0.2638522427440633
EL_TGFB3_c	P	3	0	0	0.0
EL_TGFB3_g	P	3	0	0	0.0
EL_CUX1	P	4	0	0	0.0
EL_SRSF2	P	4	2	5	0.28530670470756064
EL_TET2a	P	4	82	9	0.9009998901219646
EL_TET2b	P	4	1	8	0.11098779134295228
EL_TGFB3_c	P	4	0	0	0.0
EL_TGFB3_g	P	4	0	0	0.0
EL_CUX1	P	5	0	0	0.0
EL_SRSF2	P	5	0	0	0.0
EL_TET2a	P	5	0	17	0.0
EL_TET2b	P	5	19	2	0.9043312708234174
EL_TGFB3_c	P	5	0	1	0.0
EL_TGFB3_g	P	5	0	20	0.0
EL_CUX1	P	6	0	0	0.0
EL_SRSF2	P	6	0	13	0.0
EL_TET2a	P	6	0	0	0.0
EL_TET2b	P	6	0	2	0.0
EL_TGFB3_c	P	6	0	0	0.0
EL_TGFB3_g	P	6	0	0	0.0
EL_CUX1	P	7	0	0	0.0
EL_SRSF2	P	7	0	0	0.0
EL_TET2a	P	7	0	1	0.0
EL_TET2b	P	7	1	2	0.33222591362126247
EL_TGFB3_c	P	7	0	0	0.0
EL_TGFB3_g	P	7	0	0	0.0
EL_CUX1	P	8	0	0	0.0
EL_SRSF2	P	8	2	19	0.09519276534983341
EL_TET2a	P	8	0	3	0.0
EL_TET2b	P	8	1	3	0.24937655860349128
EL_TGFB3_c	P	8	0	0	0.0
EL_TGFB3_g	P	8	0	0	0.0
EL_CUX1	P	9	0	0	0.0
EL_SRSF2	P	9	0	16	0.0
EL_TET2a	P	9	1	0	0.9900990099009901
EL_TET2b	P	9	3	0	0.9966777408637875
EL_TGFB3_c	P	9	0	0	0.0
EL_TGFB3_g	P	9	0	2	0.0
